
meds-glitch-CWLITEARM.elf:     file format elf32-littlearm

Sections:
Idx Name          Size      VMA       LMA       File off  Algn
  0 .isr_vector   00000188  08000000  08000000  00001000  2**0
                  CONTENTS, ALLOC, LOAD, READONLY, DATA
  1 .text         000025dc  08000188  08000188  00001188  2**2
                  CONTENTS, ALLOC, LOAD, READONLY, CODE
  2 .rodata       000000c0  08002768  08002768  00003768  2**3
                  CONTENTS, ALLOC, LOAD, READONLY, DATA
  3 .ARM.extab    00000000  08002828  08002828  00004290  2**0
                  CONTENTS
  4 .ARM          00000008  08002828  08002828  00003828  2**2
                  CONTENTS, ALLOC, LOAD, READONLY, DATA
  5 .preinit_array 00000000  08002830  08002830  00004290  2**0
                  CONTENTS, ALLOC, LOAD, DATA
  6 .init_array   00000004  08002830  08002830  00003830  2**2
                  CONTENTS, ALLOC, LOAD, DATA
  7 .fini_array   00000004  08002834  08002834  00003834  2**2
                  CONTENTS, ALLOC, LOAD, DATA
  8 .data         00000290  20000000  08002838  00004000  2**0
                  CONTENTS, ALLOC, LOAD, DATA
  9 .bss          0000031c  20000290  08002ac8  00004290  2**2
                  ALLOC
 10 ._user_heap_stack 00000404  200005ac  08002ac8  000045ac  2**0
                  ALLOC
 11 .ARM.attributes 0000002a  00000000  00000000  00004290  2**0
                  CONTENTS, READONLY
 12 .comment      00000026  00000000  00000000  000042ba  2**0
                  CONTENTS, READONLY
 13 .debug_info   000060ca  00000000  00000000  000042e0  2**0
                  CONTENTS, READONLY, DEBUGGING, OCTETS
 14 .debug_abbrev 000011d3  00000000  00000000  0000a3aa  2**0
                  CONTENTS, READONLY, DEBUGGING, OCTETS
 15 .debug_loc    000055de  00000000  00000000  0000b57d  2**0
                  CONTENTS, READONLY, DEBUGGING, OCTETS
 16 .debug_aranges 00000328  00000000  00000000  00010b60  2**3
                  CONTENTS, READONLY, DEBUGGING, OCTETS
 17 .debug_ranges 000005e8  00000000  00000000  00010e88  2**0
                  CONTENTS, READONLY, DEBUGGING, OCTETS
 18 .debug_line   00003b8b  00000000  00000000  00011470  2**0
                  CONTENTS, READONLY, DEBUGGING, OCTETS
 19 .debug_str    0000189b  00000000  00000000  00014ffb  2**0
                  CONTENTS, READONLY, DEBUGGING, OCTETS
 20 .debug_frame  000008b8  00000000  00000000  00016898  2**2
                  CONTENTS, READONLY, DEBUGGING, OCTETS
 21 .stab         00000144  00000000  00000000  00017150  2**2
                  CONTENTS, READONLY, DEBUGGING
 22 .stabstr      00000035  00000000  00000000  00017294  2**0
                  CONTENTS, READONLY, DEBUGGING
 23 .debug_loclists 00000227  00000000  00000000  000172c9  2**0
                  CONTENTS, READONLY, DEBUGGING, OCTETS
 24 .debug_line_str 00000096  00000000  00000000  000174f0  2**0
                  CONTENTS, READONLY, DEBUGGING, OCTETS

Disassembly of section .text:

08000188 <deregister_tm_clones>:
 8000188:	4803      	ldr	r0, [pc, #12]	@ (8000198 <deregister_tm_clones+0x10>)
 800018a:	4b04      	ldr	r3, [pc, #16]	@ (800019c <deregister_tm_clones+0x14>)
 800018c:	4283      	cmp	r3, r0
 800018e:	d002      	beq.n	8000196 <deregister_tm_clones+0xe>
 8000190:	4b03      	ldr	r3, [pc, #12]	@ (80001a0 <deregister_tm_clones+0x18>)
 8000192:	b103      	cbz	r3, 8000196 <deregister_tm_clones+0xe>
 8000194:	4718      	bx	r3
 8000196:	4770      	bx	lr
 8000198:	20000290 	.word	0x20000290
 800019c:	20000290 	.word	0x20000290
 80001a0:	00000000 	.word	0x00000000

080001a4 <register_tm_clones>:
 80001a4:	4805      	ldr	r0, [pc, #20]	@ (80001bc <register_tm_clones+0x18>)
 80001a6:	4b06      	ldr	r3, [pc, #24]	@ (80001c0 <register_tm_clones+0x1c>)
 80001a8:	1a1b      	subs	r3, r3, r0
 80001aa:	0fd9      	lsrs	r1, r3, #31
 80001ac:	eb01 01a3 	add.w	r1, r1, r3, asr #2
 80001b0:	1049      	asrs	r1, r1, #1
 80001b2:	d002      	beq.n	80001ba <register_tm_clones+0x16>
 80001b4:	4b03      	ldr	r3, [pc, #12]	@ (80001c4 <register_tm_clones+0x20>)
 80001b6:	b103      	cbz	r3, 80001ba <register_tm_clones+0x16>
 80001b8:	4718      	bx	r3
 80001ba:	4770      	bx	lr
 80001bc:	20000290 	.word	0x20000290
 80001c0:	20000290 	.word	0x20000290
 80001c4:	00000000 	.word	0x00000000

080001c8 <__do_global_dtors_aux>:
 80001c8:	b510      	push	{r4, lr}
 80001ca:	4c06      	ldr	r4, [pc, #24]	@ (80001e4 <__do_global_dtors_aux+0x1c>)
 80001cc:	7823      	ldrb	r3, [r4, #0]
 80001ce:	b943      	cbnz	r3, 80001e2 <__do_global_dtors_aux+0x1a>
 80001d0:	f7ff ffda 	bl	8000188 <deregister_tm_clones>
 80001d4:	4b04      	ldr	r3, [pc, #16]	@ (80001e8 <__do_global_dtors_aux+0x20>)
 80001d6:	b113      	cbz	r3, 80001de <__do_global_dtors_aux+0x16>
 80001d8:	4804      	ldr	r0, [pc, #16]	@ (80001ec <__do_global_dtors_aux+0x24>)
 80001da:	f3af 8000 	nop.w
 80001de:	2301      	movs	r3, #1
 80001e0:	7023      	strb	r3, [r4, #0]
 80001e2:	bd10      	pop	{r4, pc}
 80001e4:	20000290 	.word	0x20000290
 80001e8:	00000000 	.word	0x00000000
 80001ec:	0800274c 	.word	0x0800274c

080001f0 <frame_dummy>:
 80001f0:	b508      	push	{r3, lr}
 80001f2:	4b04      	ldr	r3, [pc, #16]	@ (8000204 <frame_dummy+0x14>)
 80001f4:	b11b      	cbz	r3, 80001fe <frame_dummy+0xe>
 80001f6:	4904      	ldr	r1, [pc, #16]	@ (8000208 <frame_dummy+0x18>)
 80001f8:	4804      	ldr	r0, [pc, #16]	@ (800020c <frame_dummy+0x1c>)
 80001fa:	f3af 8000 	nop.w
 80001fe:	e8bd 4008 	ldmia.w	sp!, {r3, lr}
 8000202:	e7cf      	b.n	80001a4 <register_tm_clones>
 8000204:	00000000 	.word	0x00000000
 8000208:	20000294 	.word	0x20000294
 800020c:	0800274c 	.word	0x0800274c

08000210 <__libc_init_array>:
 8000210:	b570      	push	{r4, r5, r6, lr}
 8000212:	4b0f      	ldr	r3, [pc, #60]	@ (8000250 <__libc_init_array+0x40>)
 8000214:	4d0f      	ldr	r5, [pc, #60]	@ (8000254 <__libc_init_array+0x44>)
 8000216:	42ab      	cmp	r3, r5
 8000218:	eba3 0605 	sub.w	r6, r3, r5
 800021c:	d007      	beq.n	800022e <__libc_init_array+0x1e>
 800021e:	10b6      	asrs	r6, r6, #2
 8000220:	2400      	movs	r4, #0
 8000222:	f855 3b04 	ldr.w	r3, [r5], #4
 8000226:	3401      	adds	r4, #1
 8000228:	4798      	blx	r3
 800022a:	42a6      	cmp	r6, r4
 800022c:	d8f9      	bhi.n	8000222 <__libc_init_array+0x12>
 800022e:	f002 fa8d 	bl	800274c <_init>
 8000232:	4d09      	ldr	r5, [pc, #36]	@ (8000258 <__libc_init_array+0x48>)
 8000234:	4b09      	ldr	r3, [pc, #36]	@ (800025c <__libc_init_array+0x4c>)
 8000236:	1b5e      	subs	r6, r3, r5
 8000238:	42ab      	cmp	r3, r5
 800023a:	ea4f 06a6 	mov.w	r6, r6, asr #2
 800023e:	d006      	beq.n	800024e <__libc_init_array+0x3e>
 8000240:	2400      	movs	r4, #0
 8000242:	f855 3b04 	ldr.w	r3, [r5], #4
 8000246:	3401      	adds	r4, #1
 8000248:	4798      	blx	r3
 800024a:	42a6      	cmp	r6, r4
 800024c:	d8f9      	bhi.n	8000242 <__libc_init_array+0x32>
 800024e:	bd70      	pop	{r4, r5, r6, pc}
 8000250:	08002830 	.word	0x08002830
 8000254:	08002830 	.word	0x08002830
 8000258:	08002830 	.word	0x08002830
 800025c:	08002834 	.word	0x08002834

08000260 <memset>:
 8000260:	0783      	lsls	r3, r0, #30
 8000262:	b530      	push	{r4, r5, lr}
 8000264:	d047      	beq.n	80002f6 <memset+0x96>
 8000266:	1e54      	subs	r4, r2, #1
 8000268:	2a00      	cmp	r2, #0
 800026a:	d03e      	beq.n	80002ea <memset+0x8a>
 800026c:	b2ca      	uxtb	r2, r1
 800026e:	4603      	mov	r3, r0
 8000270:	e001      	b.n	8000276 <memset+0x16>
 8000272:	3c01      	subs	r4, #1
 8000274:	d339      	bcc.n	80002ea <memset+0x8a>
 8000276:	f803 2b01 	strb.w	r2, [r3], #1
 800027a:	079d      	lsls	r5, r3, #30
 800027c:	d1f9      	bne.n	8000272 <memset+0x12>
 800027e:	2c03      	cmp	r4, #3
 8000280:	d92c      	bls.n	80002dc <memset+0x7c>
 8000282:	b2cd      	uxtb	r5, r1
 8000284:	eb05 2505 	add.w	r5, r5, r5, lsl #8
 8000288:	2c0f      	cmp	r4, #15
 800028a:	eb05 4505 	add.w	r5, r5, r5, lsl #16
 800028e:	d935      	bls.n	80002fc <memset+0x9c>
 8000290:	f1a4 0210 	sub.w	r2, r4, #16
 8000294:	f022 0c0f 	bic.w	ip, r2, #15
 8000298:	f103 0e10 	add.w	lr, r3, #16
 800029c:	44e6      	add	lr, ip
 800029e:	ea4f 1c12 	mov.w	ip, r2, lsr #4
 80002a2:	461a      	mov	r2, r3
 80002a4:	e9c2 5500 	strd	r5, r5, [r2]
 80002a8:	e9c2 5502 	strd	r5, r5, [r2, #8]
 80002ac:	3210      	adds	r2, #16
 80002ae:	4572      	cmp	r2, lr
 80002b0:	d1f8      	bne.n	80002a4 <memset+0x44>
 80002b2:	f10c 0201 	add.w	r2, ip, #1
 80002b6:	f014 0f0c 	tst.w	r4, #12
 80002ba:	eb03 1202 	add.w	r2, r3, r2, lsl #4
 80002be:	f004 0c0f 	and.w	ip, r4, #15
 80002c2:	d013      	beq.n	80002ec <memset+0x8c>
 80002c4:	f1ac 0304 	sub.w	r3, ip, #4
 80002c8:	f023 0303 	bic.w	r3, r3, #3
 80002cc:	3304      	adds	r3, #4
 80002ce:	4413      	add	r3, r2
 80002d0:	f842 5b04 	str.w	r5, [r2], #4
 80002d4:	4293      	cmp	r3, r2
 80002d6:	d1fb      	bne.n	80002d0 <memset+0x70>
 80002d8:	f00c 0403 	and.w	r4, ip, #3
 80002dc:	b12c      	cbz	r4, 80002ea <memset+0x8a>
 80002de:	b2c9      	uxtb	r1, r1
 80002e0:	441c      	add	r4, r3
 80002e2:	f803 1b01 	strb.w	r1, [r3], #1
 80002e6:	42a3      	cmp	r3, r4
 80002e8:	d1fb      	bne.n	80002e2 <memset+0x82>
 80002ea:	bd30      	pop	{r4, r5, pc}
 80002ec:	4664      	mov	r4, ip
 80002ee:	4613      	mov	r3, r2
 80002f0:	2c00      	cmp	r4, #0
 80002f2:	d1f4      	bne.n	80002de <memset+0x7e>
 80002f4:	e7f9      	b.n	80002ea <memset+0x8a>
 80002f6:	4603      	mov	r3, r0
 80002f8:	4614      	mov	r4, r2
 80002fa:	e7c0      	b.n	800027e <memset+0x1e>
 80002fc:	461a      	mov	r2, r3
 80002fe:	46a4      	mov	ip, r4
 8000300:	e7e0      	b.n	80002c4 <memset+0x64>
 8000302:	bf00      	nop

08000304 <memcpy>:
 8000304:	4684      	mov	ip, r0
 8000306:	ea41 0300 	orr.w	r3, r1, r0
 800030a:	f013 0303 	ands.w	r3, r3, #3
 800030e:	d16d      	bne.n	80003ec <memcpy+0xe8>
 8000310:	3a40      	subs	r2, #64	@ 0x40
 8000312:	d341      	bcc.n	8000398 <memcpy+0x94>
 8000314:	f851 3b04 	ldr.w	r3, [r1], #4
 8000318:	f840 3b04 	str.w	r3, [r0], #4
 800031c:	f851 3b04 	ldr.w	r3, [r1], #4
 8000320:	f840 3b04 	str.w	r3, [r0], #4
 8000324:	f851 3b04 	ldr.w	r3, [r1], #4
 8000328:	f840 3b04 	str.w	r3, [r0], #4
 800032c:	f851 3b04 	ldr.w	r3, [r1], #4
 8000330:	f840 3b04 	str.w	r3, [r0], #4
 8000334:	f851 3b04 	ldr.w	r3, [r1], #4
 8000338:	f840 3b04 	str.w	r3, [r0], #4
 800033c:	f851 3b04 	ldr.w	r3, [r1], #4
 8000340:	f840 3b04 	str.w	r3, [r0], #4
 8000344:	f851 3b04 	ldr.w	r3, [r1], #4
 8000348:	f840 3b04 	str.w	r3, [r0], #4
 800034c:	f851 3b04 	ldr.w	r3, [r1], #4
 8000350:	f840 3b04 	str.w	r3, [r0], #4
 8000354:	f851 3b04 	ldr.w	r3, [r1], #4
 8000358:	f840 3b04 	str.w	r3, [r0], #4
 800035c:	f851 3b04 	ldr.w	r3, [r1], #4
 8000360:	f840 3b04 	str.w	r3, [r0], #4
 8000364:	f851 3b04 	ldr.w	r3, [r1], #4
 8000368:	f840 3b04 	str.w	r3, [r0], #4
 800036c:	f851 3b04 	ldr.w	r3, [r1], #4
 8000370:	f840 3b04 	str.w	r3, [r0], #4
 8000374:	f851 3b04 	ldr.w	r3, [r1], #4
 8000378:	f840 3b04 	str.w	r3, [r0], #4
 800037c:	f851 3b04 	ldr.w	r3, [r1], #4
 8000380:	f840 3b04 	str.w	r3, [r0], #4
 8000384:	f851 3b04 	ldr.w	r3, [r1], #4
 8000388:	f840 3b04 	str.w	r3, [r0], #4
 800038c:	f851 3b04 	ldr.w	r3, [r1], #4
 8000390:	f840 3b04 	str.w	r3, [r0], #4
 8000394:	3a40      	subs	r2, #64	@ 0x40
 8000396:	d2bd      	bcs.n	8000314 <memcpy+0x10>
 8000398:	3230      	adds	r2, #48	@ 0x30
 800039a:	d311      	bcc.n	80003c0 <memcpy+0xbc>
 800039c:	f851 3b04 	ldr.w	r3, [r1], #4
 80003a0:	f840 3b04 	str.w	r3, [r0], #4
 80003a4:	f851 3b04 	ldr.w	r3, [r1], #4
 80003a8:	f840 3b04 	str.w	r3, [r0], #4
 80003ac:	f851 3b04 	ldr.w	r3, [r1], #4
 80003b0:	f840 3b04 	str.w	r3, [r0], #4
 80003b4:	f851 3b04 	ldr.w	r3, [r1], #4
 80003b8:	f840 3b04 	str.w	r3, [r0], #4
 80003bc:	3a10      	subs	r2, #16
 80003be:	d2ed      	bcs.n	800039c <memcpy+0x98>
 80003c0:	320c      	adds	r2, #12
 80003c2:	d305      	bcc.n	80003d0 <memcpy+0xcc>
 80003c4:	f851 3b04 	ldr.w	r3, [r1], #4
 80003c8:	f840 3b04 	str.w	r3, [r0], #4
 80003cc:	3a04      	subs	r2, #4
 80003ce:	d2f9      	bcs.n	80003c4 <memcpy+0xc0>
 80003d0:	3204      	adds	r2, #4
 80003d2:	d008      	beq.n	80003e6 <memcpy+0xe2>
 80003d4:	07d2      	lsls	r2, r2, #31
 80003d6:	bf1c      	itt	ne
 80003d8:	f811 3b01 	ldrbne.w	r3, [r1], #1
 80003dc:	f800 3b01 	strbne.w	r3, [r0], #1
 80003e0:	d301      	bcc.n	80003e6 <memcpy+0xe2>
 80003e2:	880b      	ldrh	r3, [r1, #0]
 80003e4:	8003      	strh	r3, [r0, #0]
 80003e6:	4660      	mov	r0, ip
 80003e8:	4770      	bx	lr
 80003ea:	bf00      	nop
 80003ec:	2a08      	cmp	r2, #8
 80003ee:	d313      	bcc.n	8000418 <memcpy+0x114>
 80003f0:	078b      	lsls	r3, r1, #30
 80003f2:	d08d      	beq.n	8000310 <memcpy+0xc>
 80003f4:	f010 0303 	ands.w	r3, r0, #3
 80003f8:	d08a      	beq.n	8000310 <memcpy+0xc>
 80003fa:	f1c3 0304 	rsb	r3, r3, #4
 80003fe:	1ad2      	subs	r2, r2, r3
 8000400:	07db      	lsls	r3, r3, #31
 8000402:	bf1c      	itt	ne
 8000404:	f811 3b01 	ldrbne.w	r3, [r1], #1
 8000408:	f800 3b01 	strbne.w	r3, [r0], #1
 800040c:	d380      	bcc.n	8000310 <memcpy+0xc>
 800040e:	f831 3b02 	ldrh.w	r3, [r1], #2
 8000412:	f820 3b02 	strh.w	r3, [r0], #2
 8000416:	e77b      	b.n	8000310 <memcpy+0xc>
 8000418:	3a04      	subs	r2, #4
 800041a:	d3d9      	bcc.n	80003d0 <memcpy+0xcc>
 800041c:	3a01      	subs	r2, #1
 800041e:	f811 3b01 	ldrb.w	r3, [r1], #1
 8000422:	f800 3b01 	strb.w	r3, [r0], #1
 8000426:	d2f9      	bcs.n	800041c <memcpy+0x118>
 8000428:	780b      	ldrb	r3, [r1, #0]
 800042a:	7003      	strb	r3, [r0, #0]
 800042c:	784b      	ldrb	r3, [r1, #1]
 800042e:	7043      	strb	r3, [r0, #1]
 8000430:	788b      	ldrb	r3, [r1, #2]
 8000432:	7083      	strb	r3, [r0, #2]
 8000434:	4660      	mov	r0, ip
 8000436:	4770      	bx	lr

08000438 <get_path>:
#if SS_VER == SS_VER_2_1
uint8_t get_path(uint8_t cmd, uint8_t scmd, uint8_t len, uint8_t *buf)
#else 
uint8_t get_path(uint8_t *buf, uint8_t len)
#endif
{
 8000438:	b510      	push	{r4, lr}
    simpleserial_put('r', MEDS_st_seed_bytes, faulted_path+(MEDS_st_seed_bytes*cur));
 800043a:	4c09      	ldr	r4, [pc, #36]	@ (8000460 <get_path+0x28>)
 800043c:	f894 2100 	ldrb.w	r2, [r4, #256]	@ 0x100
 8000440:	2110      	movs	r1, #16
 8000442:	eb04 1202 	add.w	r2, r4, r2, lsl #4
 8000446:	2072      	movs	r0, #114	@ 0x72
 8000448:	f001 f9fe 	bl	8001848 <simpleserial_put>
    cur = (cur+1) % MEDS_t;
 800044c:	f894 3100 	ldrb.w	r3, [r4, #256]	@ 0x100
 8000450:	3301      	adds	r3, #1
 8000452:	f003 030f 	and.w	r3, r3, #15
 8000456:	f884 3100 	strb.w	r3, [r4, #256]	@ 0x100
    return 0;

}
 800045a:	2000      	movs	r0, #0
 800045c:	bd10      	pop	{r4, pc}
 800045e:	bf00      	nop
 8000460:	200002ac 	.word	0x200002ac

08000464 <get_golden_path>:
#if SS_VER == SS_VER_2_1
uint8_t get_golden_path(uint8_t cmd, uint8_t scmd, uint8_t len, uint8_t *buf)
#else 
uint8_t get_golden_path(uint8_t *buf, uint8_t len)
#endif
{
 8000464:	b538      	push	{r3, r4, r5, lr}
    cur %= 7;
 8000466:	4d0f      	ldr	r5, [pc, #60]	@ (80004a4 <get_golden_path+0x40>)
 8000468:	f895 3100 	ldrb.w	r3, [r5, #256]	@ 0x100
 800046c:	2407      	movs	r4, #7
 800046e:	fbb3 f2f4 	udiv	r2, r3, r4
 8000472:	ebc2 02c2 	rsb	r2, r2, r2, lsl #3
 8000476:	1a9b      	subs	r3, r3, r2
    simpleserial_put('r', MEDS_st_seed_bytes, golden_path+(MEDS_st_seed_bytes*cur));
 8000478:	4a0b      	ldr	r2, [pc, #44]	@ (80004a8 <get_golden_path+0x44>)
    cur %= 7;
 800047a:	b2db      	uxtb	r3, r3
    simpleserial_put('r', MEDS_st_seed_bytes, golden_path+(MEDS_st_seed_bytes*cur));
 800047c:	eb02 1203 	add.w	r2, r2, r3, lsl #4
 8000480:	2110      	movs	r1, #16
 8000482:	2072      	movs	r0, #114	@ 0x72
    cur %= 7;
 8000484:	f885 3100 	strb.w	r3, [r5, #256]	@ 0x100
    simpleserial_put('r', MEDS_st_seed_bytes, golden_path+(MEDS_st_seed_bytes*cur));
 8000488:	f001 f9de 	bl	8001848 <simpleserial_put>
    cur = (cur+1) % 7;
 800048c:	f895 3100 	ldrb.w	r3, [r5, #256]	@ 0x100
 8000490:	3301      	adds	r3, #1
 8000492:	fbb3 f4f4 	udiv	r4, r3, r4
 8000496:	ebc4 04c4 	rsb	r4, r4, r4, lsl #3
 800049a:	1b1b      	subs	r3, r3, r4
 800049c:	f885 3100 	strb.w	r3, [r5, #256]	@ 0x100
    return 0;

}
 80004a0:	2000      	movs	r0, #0
 80004a2:	bd38      	pop	{r3, r4, r5, pc}
 80004a4:	200002ac 	.word	0x200002ac
 80004a8:	20000000 	.word	0x20000000

080004ac <compare_path>:
#if SS_VER == SS_VER_2_1
uint8_t compare_path(uint8_t cmd, uint8_t scmd, uint8_t len, uint8_t *buf)
#else 
uint8_t compare_path(uint8_t *buf, uint8_t len)
#endif
{
 80004ac:	b5f7      	push	{r0, r1, r2, r4, r5, r6, r7, lr}

    uint8_t cnt = 0;
 80004ae:	2300      	movs	r3, #0
    uint8_t g = 0;
    uint8_t f = 0;
    
    while (g < 7){

        uint8_t gs = golden_path[g*MEDS_st_seed_bytes];
 80004b0:	4d11      	ldr	r5, [pc, #68]	@ (80004f8 <compare_path+0x4c>)
        uint8_t fs = faulted_path[f*MEDS_st_seed_bytes];
 80004b2:	4e12      	ldr	r6, [pc, #72]	@ (80004fc <compare_path+0x50>)
    uint8_t cnt = 0;
 80004b4:	f88d 3007 	strb.w	r3, [sp, #7]
 80004b8:	461c      	mov	r4, r3
 80004ba:	4619      	mov	r1, r3
    uint8_t g = 0;
 80004bc:	461a      	mov	r2, r3
        uint8_t fs = faulted_path[f*MEDS_st_seed_bytes];
 80004be:	b2d8      	uxtb	r0, r3
        uint8_t gs = golden_path[g*MEDS_st_seed_bytes];
 80004c0:	0117      	lsls	r7, r2, #4
        uint8_t fs = faulted_path[f*MEDS_st_seed_bytes];
 80004c2:	0100      	lsls	r0, r0, #4
        
        if (gs == fs) {
 80004c4:	5def      	ldrb	r7, [r5, r7]
 80004c6:	5c30      	ldrb	r0, [r6, r0]
 80004c8:	4287      	cmp	r7, r0
            g++;
 80004ca:	bf0b      	itete	eq
 80004cc:	3201      	addeq	r2, #1
        } else {
            cnt++;
 80004ce:	3101      	addne	r1, #1
            g++;
 80004d0:	b2d2      	uxtbeq	r2, r2
            cnt++;
 80004d2:	b2c9      	uxtbne	r1, r1
 80004d4:	bf18      	it	ne
 80004d6:	2401      	movne	r4, #1
    while (g < 7){
 80004d8:	2a07      	cmp	r2, #7
 80004da:	f103 0301 	add.w	r3, r3, #1
 80004de:	d1ee      	bne.n	80004be <compare_path+0x12>
 80004e0:	b10c      	cbz	r4, 80004e6 <compare_path+0x3a>
 80004e2:	f88d 1007 	strb.w	r1, [sp, #7]
        }
        f++;

    }

	simpleserial_put('r', 1, &cnt);
 80004e6:	f10d 0207 	add.w	r2, sp, #7
 80004ea:	2101      	movs	r1, #1
 80004ec:	2072      	movs	r0, #114	@ 0x72
 80004ee:	f001 f9ab 	bl	8001848 <simpleserial_put>
    return 0;

}
 80004f2:	2000      	movs	r0, #0
 80004f4:	b003      	add	sp, #12
 80004f6:	bdf0      	pop	{r4, r5, r6, r7, pc}
 80004f8:	20000000 	.word	0x20000000
 80004fc:	200002ac 	.word	0x200002ac

08000500 <tree_to_path_faulted>:
{
 8000500:	b530      	push	{r4, r5, lr}
    cur = 0;
 8000502:	4d10      	ldr	r5, [pc, #64]	@ (8000544 <tree_to_path_faulted+0x44>)
 8000504:	2400      	movs	r4, #0
{
 8000506:	b085      	sub	sp, #20
    memset(faulted_path, 0, MEDS_st_seed_bytes*MEDS_t);
 8000508:	4621      	mov	r1, r4
 800050a:	f44f 7280 	mov.w	r2, #256	@ 0x100
 800050e:	4628      	mov	r0, r5
    cur = 0;
 8000510:	f885 4100 	strb.w	r4, [r5, #256]	@ 0x100
    memset(faulted_path, 0, MEDS_st_seed_bytes*MEDS_t);
 8000514:	f7ff fea4 	bl	8000260 <memset>
    stree_to_path_glitch(stree,h,faulted_path,salt);
 8000518:	480b      	ldr	r0, [pc, #44]	@ (8000548 <tree_to_path_faulted+0x48>)
 800051a:	9400      	str	r4, [sp, #0]
 800051c:	f100 0370 	add.w	r3, r0, #112	@ 0x70
 8000520:	462a      	mov	r2, r5
 8000522:	f100 0190 	add.w	r1, r0, #144	@ 0x90
 8000526:	30a0      	adds	r0, #160	@ 0xa0
 8000528:	f000 f8d0 	bl	80006cc <stree_to_path_to_stree_glitch>
    uint8_t r = 0x42;
 800052c:	2342      	movs	r3, #66	@ 0x42
    simpleserial_put('r', 1, &r);
 800052e:	f10d 020f 	add.w	r2, sp, #15
 8000532:	2101      	movs	r1, #1
 8000534:	2072      	movs	r0, #114	@ 0x72
    uint8_t r = 0x42;
 8000536:	f88d 300f 	strb.w	r3, [sp, #15]
    simpleserial_put('r', 1, &r);
 800053a:	f001 f985 	bl	8001848 <simpleserial_put>
}
 800053e:	4620      	mov	r0, r4
 8000540:	b005      	add	sp, #20
 8000542:	bd30      	pop	{r4, r5, pc}
 8000544:	200002ac 	.word	0x200002ac
 8000548:	20000000 	.word	0x20000000

0800054c <get_pt>:
{
 800054c:	b510      	push	{r4, lr}
 800054e:	4604      	mov	r4, r0
	trigger_high();
 8000550:	f001 faf0 	bl	8001b34 <trigger_high>
	trigger_low();
 8000554:	f001 faf5 	bl	8001b42 <trigger_low>
	simpleserial_put('r', 16, pt);
 8000558:	4622      	mov	r2, r4
 800055a:	2110      	movs	r1, #16
 800055c:	2072      	movs	r0, #114	@ 0x72
 800055e:	f001 f973 	bl	8001848 <simpleserial_put>
}
 8000562:	2000      	movs	r0, #0
 8000564:	bd10      	pop	{r4, pc}

08000566 <aes>:
	return 0x00;
}

#if SS_VER == SS_VER_2_1
uint8_t aes(uint8_t cmd, uint8_t scmd, uint8_t len, uint8_t *buf)
{
 8000566:	b538      	push	{r3, r4, r5, lr}
    uint8_t req_len = 0;
    uint8_t err = 0;

    if (scmd & 0x02) {
 8000568:	f011 0402 	ands.w	r4, r1, #2
{
 800056c:	4615      	mov	r5, r2
    if (scmd & 0x02) {
 800056e:	d002      	beq.n	8000576 <aes+0x10>
        req_len += 16;
        if (req_len > len) {
 8000570:	2a0f      	cmp	r2, #15
 8000572:	d912      	bls.n	800059a <aes+0x34>
        req_len += 16;
 8000574:	2410      	movs	r4, #16
        }
        err = get_key(buf + req_len - 16, 16);
        if (err)
            return err;
    }
    if (scmd & 0x01) {
 8000576:	07ca      	lsls	r2, r1, #31
 8000578:	d50a      	bpl.n	8000590 <aes+0x2a>
        req_len += 16;
 800057a:	3410      	adds	r4, #16
 800057c:	b2e4      	uxtb	r4, r4
        if (req_len > len) {
 800057e:	42a5      	cmp	r5, r4
 8000580:	d30b      	bcc.n	800059a <aes+0x34>
            return SS_ERR_LEN;
        }
        err = get_pt(buf + req_len - 16, 16);
 8000582:	f1a4 0210 	sub.w	r2, r4, #16
 8000586:	2110      	movs	r1, #16
 8000588:	1898      	adds	r0, r3, r2
 800058a:	f7ff ffdf 	bl	800054c <get_pt>
        if (err)
 800058e:	b918      	cbnz	r0, 8000598 <aes+0x32>
            return err;
    }

    if (len != req_len) {
 8000590:	1b64      	subs	r4, r4, r5
 8000592:	bf18      	it	ne
 8000594:	2401      	movne	r4, #1
 8000596:	00a0      	lsls	r0, r4, #2
        return SS_ERR_LEN;
    }

    return 0x00;

}
 8000598:	bd38      	pop	{r3, r4, r5, pc}
            return SS_ERR_LEN;
 800059a:	2004      	movs	r0, #4
 800059c:	e7fc      	b.n	8000598 <aes+0x32>
 800059e:	0000      	movs	r0, r0

080005a0 <main>:
#endif

int main(void)
{
 80005a0:	b508      	push	{r3, lr}
    platform_init();
 80005a2:	f001 fa25 	bl	80019f0 <platform_init>
	init_uart();
 80005a6:	f001 fa63 	bl	8001a70 <init_uart>
	trigger_setup();
 80005aa:	f001 fa9f 	bl	8001aec <trigger_setup>
	putch('l');
	putch('o');
	putch('\n');
	*/

	simpleserial_init();
 80005ae:	f001 f939 	bl	8001824 <simpleserial_init>
	simpleserial_addcmd('f', 1, tree_to_path_faulted);
 80005b2:	4a0e      	ldr	r2, [pc, #56]	@ (80005ec <main+0x4c>)
 80005b4:	2101      	movs	r1, #1
 80005b6:	2066      	movs	r0, #102	@ 0x66
 80005b8:	f001 f91a 	bl	80017f0 <simpleserial_addcmd>
	simpleserial_addcmd('c', 1, compare_path);
 80005bc:	4a0c      	ldr	r2, [pc, #48]	@ (80005f0 <main+0x50>)
 80005be:	2101      	movs	r1, #1
 80005c0:	2063      	movs	r0, #99	@ 0x63
 80005c2:	f001 f915 	bl	80017f0 <simpleserial_addcmd>
	simpleserial_addcmd('g', 16, get_path);
 80005c6:	4a0b      	ldr	r2, [pc, #44]	@ (80005f4 <main+0x54>)
 80005c8:	2110      	movs	r1, #16
 80005ca:	2067      	movs	r0, #103	@ 0x67
 80005cc:	f001 f910 	bl	80017f0 <simpleserial_addcmd>
	simpleserial_addcmd('b', 16, get_golden_path);
 80005d0:	4a09      	ldr	r2, [pc, #36]	@ (80005f8 <main+0x58>)
 80005d2:	2110      	movs	r1, #16
 80005d4:	2062      	movs	r0, #98	@ 0x62
 80005d6:	f001 f90b 	bl	80017f0 <simpleserial_addcmd>
#if SS_VER != SS_VER_2_1
	simpleserial_addcmd('p', 16, get_pt);
	simpleserial_addcmd('k', 16, get_key);
	simpleserial_addcmd('x', 0, reset);
#else
    simpleserial_addcmd(0x01, 16, aes);
 80005da:	4a08      	ldr	r2, [pc, #32]	@ (80005fc <main+0x5c>)
 80005dc:	2110      	movs	r1, #16
 80005de:	2001      	movs	r0, #1
 80005e0:	f001 f906 	bl	80017f0 <simpleserial_addcmd>

#endif
	while(1)
		simpleserial_get();
 80005e4:	f001 f988 	bl	80018f8 <simpleserial_get>
	while(1)
 80005e8:	e7fc      	b.n	80005e4 <main+0x44>
 80005ea:	bf00      	nop
 80005ec:	08000501 	.word	0x08000501
 80005f0:	080004ad 	.word	0x080004ad
 80005f4:	08000439 	.word	0x08000439
 80005f8:	08000465 	.word	0x08000465
 80005fc:	08000567 	.word	0x08000567

08000600 <t_hash>:
#include "log.h"
#include "simpleserial.h"


void t_hash(uint8_t *stree, uint8_t *salt, int h, int i)
{
 8000600:	e92d 4ff0 	stmdb	sp!, {r4, r5, r6, r7, r8, r9, sl, fp, lr}
 8000604:	b0c3      	sub	sp, #268	@ 0x10c
 8000606:	460e      	mov	r6, r1
 8000608:	4681      	mov	r9, r0
 800060a:	4614      	mov	r4, r2
  keccak_state shake;

  int start = i;
  int end = i+1;

  uint8_t buf[MEDS_st_salt_bytes + MEDS_st_seed_bytes + sizeof(uint32_t)] = {0};
 800060c:	2100      	movs	r1, #0
 800060e:	2234      	movs	r2, #52	@ 0x34
 8000610:	a801      	add	r0, sp, #4
{
 8000612:	461d      	mov	r5, r3
  int end = i+1;
 8000614:	f103 0a01 	add.w	sl, r3, #1

  memcpy(buf, salt, MEDS_st_salt_bytes);
 8000618:	f106 0720 	add.w	r7, r6, #32
  uint8_t buf[MEDS_st_salt_bytes + MEDS_st_seed_bytes + sizeof(uint32_t)] = {0};
 800061c:	f7ff fe20 	bl	8000260 <memset>
  memcpy(buf, salt, MEDS_st_salt_bytes);
 8000620:	4633      	mov	r3, r6
 8000622:	aa01      	add	r2, sp, #4
 8000624:	6818      	ldr	r0, [r3, #0]
 8000626:	6859      	ldr	r1, [r3, #4]
 8000628:	4616      	mov	r6, r2
 800062a:	c603      	stmia	r6!, {r0, r1}
 800062c:	3308      	adds	r3, #8
 800062e:	42bb      	cmp	r3, r7
 8000630:	4632      	mov	r2, r6
 8000632:	d1f7      	bne.n	8000624 <t_hash+0x24>

  uint8_t *pos = buf + MEDS_st_salt_bytes + MEDS_st_seed_bytes;

  for (h = h+1; h < MEDS_seed_tree_height+1; h++)
 8000634:	3401      	adds	r4, #1
 8000636:	2c04      	cmp	r4, #4
 8000638:	dd02      	ble.n	8000640 <t_hash+0x40>
        len = MEDS_st_seed_bytes;

      shake256_squeeze(&stree[MEDS_st_seed_bytes * SEED_TREE_ADDR(h, i)], len, &shake);
    }
  }
}
 800063a:	b043      	add	sp, #268	@ 0x10c
 800063c:	e8bd 8ff0 	ldmia.w	sp!, {r4, r5, r6, r7, r8, r9, sl, fp, pc}
    start = start<<1;
 8000640:	006d      	lsls	r5, r5, #1
    if ((start << (MEDS_seed_tree_height - h)) >= MEDS_t)
 8000642:	f1c4 0b04 	rsb	fp, r4, #4
 8000646:	fa05 f30b 	lsl.w	r3, r5, fp
 800064a:	2b0f      	cmp	r3, #15
    end = end<<1;
 800064c:	ea4f 0a4a 	mov.w	sl, sl, lsl #1
    if ((start << (MEDS_seed_tree_height - h)) >= MEDS_t)
 8000650:	dcf3      	bgt.n	800063a <t_hash+0x3a>
        pos[j] = (SEED_TREE_ADDR(h-1, i>>1) >> (j*8)) & 0xff;
 8000652:	1e67      	subs	r7, r4, #1
 8000654:	2301      	movs	r3, #1
 8000656:	f04f 0810 	mov.w	r8, #16
 800065a:	fa03 f707 	lsl.w	r7, r3, r7
 800065e:	fa08 f804 	lsl.w	r8, r8, r4
 8000662:	3f01      	subs	r7, #1
 8000664:	44c8      	add	r8, r9
    for (int i = start; i < end; i+=2)
 8000666:	462e      	mov	r6, r5
 8000668:	4556      	cmp	r6, sl
 800066a:	dae3      	bge.n	8000634 <t_hash+0x34>
      if ((i << (MEDS_seed_tree_height - h)) >= MEDS_t)
 800066c:	fa06 f30b 	lsl.w	r3, r6, fp
 8000670:	2b0f      	cmp	r3, #15
 8000672:	dcdf      	bgt.n	8000634 <t_hash+0x34>
        pos[j] = (SEED_TREE_ADDR(h-1, i>>1) >> (j*8)) & 0xff;
 8000674:	eb07 0266 	add.w	r2, r7, r6, asr #1
 8000678:	920d      	str	r2, [sp, #52]	@ 0x34
          &stree[MEDS_st_seed_bytes * SEED_TREE_ADDR(h-1, i>>1)],
 800067a:	eb09 1202 	add.w	r2, r9, r2, lsl #4
      memcpy(buf + MEDS_st_salt_bytes,
 800067e:	f10d 0c24 	add.w	ip, sp, #36	@ 0x24
 8000682:	f102 0e10 	add.w	lr, r2, #16
 8000686:	6810      	ldr	r0, [r2, #0]
 8000688:	6851      	ldr	r1, [r2, #4]
 800068a:	4663      	mov	r3, ip
 800068c:	c303      	stmia	r3!, {r0, r1}
 800068e:	3208      	adds	r2, #8
 8000690:	4572      	cmp	r2, lr
 8000692:	469c      	mov	ip, r3
 8000694:	d1f7      	bne.n	8000686 <t_hash+0x86>
      shake256_init(&shake);
 8000696:	a80e      	add	r0, sp, #56	@ 0x38
 8000698:	f001 f84e 	bl	8001738 <meds_fips202_ref_shake256_init>
      shake256_absorb(&shake, buf, MEDS_st_salt_bytes + MEDS_st_seed_bytes + sizeof(uint32_t));
 800069c:	a901      	add	r1, sp, #4
 800069e:	2234      	movs	r2, #52	@ 0x34
 80006a0:	a80e      	add	r0, sp, #56	@ 0x38
 80006a2:	f001 f84b 	bl	800173c <meds_fips202_ref_shake256_absorb>
      shake256_finalize(&shake);
 80006a6:	a80e      	add	r0, sp, #56	@ 0x38
 80006a8:	f001 f855 	bl	8001756 <meds_fips202_ref_shake256_finalize>
      if (((i+1) << (MEDS_seed_tree_height - h)) >= MEDS_t)
 80006ac:	1c73      	adds	r3, r6, #1
 80006ae:	fa03 f30b 	lsl.w	r3, r3, fp
      int len = 2*MEDS_st_seed_bytes;
 80006b2:	2b0f      	cmp	r3, #15
      shake256_squeeze(&stree[MEDS_st_seed_bytes * SEED_TREE_ADDR(h, i)], len, &shake);
 80006b4:	f1a8 0010 	sub.w	r0, r8, #16
 80006b8:	eb00 1006 	add.w	r0, r0, r6, lsl #4
 80006bc:	aa0e      	add	r2, sp, #56	@ 0x38
 80006be:	bfcc      	ite	gt
 80006c0:	2110      	movgt	r1, #16
 80006c2:	2120      	movle	r1, #32
 80006c4:	f001 f852 	bl	800176c <meds_fips202_ref_shake256_squeeze>
    for (int i = start; i < end; i+=2)
 80006c8:	3602      	adds	r6, #2
 80006ca:	e7cd      	b.n	8000668 <t_hash+0x68>

080006cc <stree_to_path_to_stree_glitch>:
      return;
  }
}

void stree_to_path_to_stree_glitch(uint8_t *stree, uint8_t *h_digest, uint8_t *path, uint8_t *salt, int mode)
{
 80006cc:	e92d 4ff0 	stmdb	sp!, {r4, r5, r6, r7, r8, r9, sl, fp, lr}
 80006d0:	b087      	sub	sp, #28
 80006d2:	469a      	mov	sl, r3
 80006d4:	460c      	mov	r4, r1
 80006d6:	4616      	mov	r6, r2
 80006d8:	4681      	mov	r9, r0
  int i = 0;

  unsigned int id = 0;

  int idx = 0;
  trigger_high();
 80006da:	f001 fa2b 	bl	8001b34 <trigger_high>

  unsigned int indices[MEDS_w] = {0};
 80006de:	2218      	movs	r2, #24
 80006e0:	2100      	movs	r1, #0
 80006e2:	4668      	mov	r0, sp
 80006e4:	f7ff fdbc 	bl	8000260 <memset>
  for (int i = 0; i < MEDS_t; i++) {
 80006e8:	2300      	movs	r3, #0
  int idx = 0;
 80006ea:	461a      	mov	r2, r3
    if (h_digest[i] > 0){
 80006ec:	5ce1      	ldrb	r1, [r4, r3]
 80006ee:	b129      	cbz	r1, 80006fc <stree_to_path_to_stree_glitch+0x30>
      indices[idx++] = i;
 80006f0:	a906      	add	r1, sp, #24
 80006f2:	eb01 0182 	add.w	r1, r1, r2, lsl #2
 80006f6:	3201      	adds	r2, #1
 80006f8:	f841 3c18 	str.w	r3, [r1, #-24]
  for (int i = 0; i < MEDS_t; i++) {
 80006fc:	3301      	adds	r3, #1
 80006fe:	2b10      	cmp	r3, #16
 8000700:	d1f4      	bne.n	80006ec <stree_to_path_to_stree_glitch+0x20>
  unsigned int id = 0;
 8000702:	f04f 0800 	mov.w	r8, #0
  int i = 0;
 8000706:	4645      	mov	r5, r8
  int h = 0;
 8000708:	4647      	mov	r7, r8
        if (id+1 < MEDS_w)
          id++;

        // do not publish this node
        // skip this ?
        index_leaf = 1;
 800070a:	f04f 0b01 	mov.w	fp, #1
    while ((indices[id] >> (MEDS_seed_tree_height - h)) == i)
 800070e:	ab06      	add	r3, sp, #24
 8000710:	eb03 0388 	add.w	r3, r3, r8, lsl #2
 8000714:	f853 1c18 	ldr.w	r1, [r3, #-24]
 8000718:	f1c7 0304 	rsb	r3, r7, #4
 800071c:	fa21 f303 	lsr.w	r3, r1, r3
 8000720:	42ab      	cmp	r3, r5
 8000722:	d001      	beq.n	8000728 <stree_to_path_to_stree_glitch+0x5c>
    int index_leaf = 0;
 8000724:	2400      	movs	r4, #0
 8000726:	e00b      	b.n	8000740 <stree_to_path_to_stree_glitch+0x74>
      h += 1;
 8000728:	1c7b      	adds	r3, r7, #1
      if (h > MEDS_seed_tree_height)
 800072a:	2b04      	cmp	r3, #4
      i <<= 1;
 800072c:	ea4f 0545 	mov.w	r5, r5, lsl #1
      if (h > MEDS_seed_tree_height)
 8000730:	dd27      	ble.n	8000782 <stree_to_path_to_stree_glitch+0xb6>
        if (id+1 < MEDS_w)
 8000732:	f108 0301 	add.w	r3, r8, #1
        i >>= 1;
 8000736:	106d      	asrs	r5, r5, #1
        index_leaf = 1;
 8000738:	2401      	movs	r4, #1
 800073a:	2b05      	cmp	r3, #5
 800073c:	bf98      	it	ls
 800073e:	4698      	movls	r8, r3
        break;
      }


    }
    trigger_low();
 8000740:	f001 f9ff 	bl	8001b42 <trigger_low>



    // The leaf should be published
    if (index_leaf == 0)
 8000744:	b98c      	cbnz	r4, 800076a <stree_to_path_to_stree_glitch+0x9e>
    {
      // if we are creating a path, add it to the path
      if (mode == STREE_TO_PATH)
      {
        memcpy(path, &stree[MEDS_st_seed_bytes * SEED_TREE_ADDR(h, i)], MEDS_st_seed_bytes);
 8000746:	fa0b f407 	lsl.w	r4, fp, r7
 800074a:	3c01      	subs	r4, #1
      if (mode == STREE_TO_PATH)
 800074c:	9b10      	ldr	r3, [sp, #64]	@ 0x40
        memcpy(path, &stree[MEDS_st_seed_bytes * SEED_TREE_ADDR(h, i)], MEDS_st_seed_bytes);
 800074e:	442c      	add	r4, r5
 8000750:	eb09 1404 	add.w	r4, r9, r4, lsl #4
      if (mode == STREE_TO_PATH)
 8000754:	b9bb      	cbnz	r3, 8000786 <stree_to_path_to_stree_glitch+0xba>
        memcpy(path, &stree[MEDS_st_seed_bytes * SEED_TREE_ADDR(h, i)], MEDS_st_seed_bytes);
 8000756:	4633      	mov	r3, r6
 8000758:	f104 0110 	add.w	r1, r4, #16
 800075c:	f854 0b04 	ldr.w	r0, [r4], #4
 8000760:	f843 0b04 	str.w	r0, [r3], #4
 8000764:	428c      	cmp	r4, r1
 8000766:	d1f9      	bne.n	800075c <stree_to_path_to_stree_glitch+0x90>
        path += MEDS_st_seed_bytes;
 8000768:	3610      	adds	r6, #16

    }


    // backtrack
    while ((i & 1) == 1)
 800076a:	07eb      	lsls	r3, r5, #31
 800076c:	d41b      	bmi.n	80007a6 <stree_to_path_to_stree_glitch+0xda>
      h -= 1;
      i >>= 1;
    }

    // next leaf
    i+=1;
 800076e:	3501      	adds	r5, #1

    if ((i << (MEDS_seed_tree_height - h)) >= MEDS_t)
 8000770:	f1c7 0304 	rsb	r3, r7, #4
 8000774:	fa05 f303 	lsl.w	r3, r5, r3
 8000778:	2b0f      	cmp	r3, #15
 800077a:	ddc8      	ble.n	800070e <stree_to_path_to_stree_glitch+0x42>
      return;

  }
}
 800077c:	b007      	add	sp, #28
 800077e:	e8bd 8ff0 	ldmia.w	sp!, {r4, r5, r6, r7, r8, r9, sl, fp, pc}
      h += 1;
 8000782:	461f      	mov	r7, r3
 8000784:	e7c8      	b.n	8000718 <stree_to_path_to_stree_glitch+0x4c>
        memcpy(&stree[MEDS_st_seed_bytes * SEED_TREE_ADDR(h, i)], path, MEDS_st_seed_bytes);
 8000786:	4633      	mov	r3, r6
 8000788:	f106 0110 	add.w	r1, r6, #16
 800078c:	f853 0b04 	ldr.w	r0, [r3], #4
 8000790:	f844 0b04 	str.w	r0, [r4], #4
 8000794:	428b      	cmp	r3, r1
 8000796:	d1f9      	bne.n	800078c <stree_to_path_to_stree_glitch+0xc0>
        t_hash(stree, salt, h, i);
 8000798:	462b      	mov	r3, r5
 800079a:	463a      	mov	r2, r7
 800079c:	4651      	mov	r1, sl
 800079e:	4648      	mov	r0, r9
 80007a0:	f7ff ff2e 	bl	8000600 <t_hash>
 80007a4:	e7e0      	b.n	8000768 <stree_to_path_to_stree_glitch+0x9c>
      h -= 1;
 80007a6:	3f01      	subs	r7, #1
      i >>= 1;
 80007a8:	106d      	asrs	r5, r5, #1
 80007aa:	e7de      	b.n	800076a <stree_to_path_to_stree_glitch+0x9e>

080007ac <KeccakF1600_StatePermute>:
* Description: The Keccak F1600 Permutation
*
* Arguments:   - uint64_t *state: pointer to input/output Keccak state
**************************************************/
static void KeccakF1600_StatePermute(uint64_t state[25])
{
 80007ac:	e92d 4ff0 	stmdb	sp!, {r4, r5, r6, r7, r8, r9, sl, fp, lr}
 80007b0:	b0bd      	sub	sp, #244	@ 0xf4
        uint64_t Eka, Eke, Eki, Eko, Eku;
        uint64_t Ema, Eme, Emi, Emo, Emu;
        uint64_t Esa, Ese, Esi, Eso, Esu;

        //copyFromState(A, state)
        Aba = state[ 0];
 80007b2:	6803      	ldr	r3, [r0, #0]
 80007b4:	930a      	str	r3, [sp, #40]	@ 0x28
 80007b6:	6843      	ldr	r3, [r0, #4]
 80007b8:	930b      	str	r3, [sp, #44]	@ 0x2c
        Abe = state[ 1];
 80007ba:	6883      	ldr	r3, [r0, #8]
 80007bc:	930c      	str	r3, [sp, #48]	@ 0x30
 80007be:	68c3      	ldr	r3, [r0, #12]
 80007c0:	930d      	str	r3, [sp, #52]	@ 0x34
        Abi = state[ 2];
 80007c2:	6903      	ldr	r3, [r0, #16]
 80007c4:	930e      	str	r3, [sp, #56]	@ 0x38
 80007c6:	6943      	ldr	r3, [r0, #20]
 80007c8:	930f      	str	r3, [sp, #60]	@ 0x3c
        Abo = state[ 3];
 80007ca:	6983      	ldr	r3, [r0, #24]
 80007cc:	9310      	str	r3, [sp, #64]	@ 0x40
 80007ce:	69c3      	ldr	r3, [r0, #28]
 80007d0:	9311      	str	r3, [sp, #68]	@ 0x44
        Abu = state[ 4];
 80007d2:	6a03      	ldr	r3, [r0, #32]
 80007d4:	9312      	str	r3, [sp, #72]	@ 0x48
 80007d6:	6a43      	ldr	r3, [r0, #36]	@ 0x24
 80007d8:	9313      	str	r3, [sp, #76]	@ 0x4c
        Aga = state[ 5];
 80007da:	6a83      	ldr	r3, [r0, #40]	@ 0x28
 80007dc:	9314      	str	r3, [sp, #80]	@ 0x50
 80007de:	6ac3      	ldr	r3, [r0, #44]	@ 0x2c
 80007e0:	9315      	str	r3, [sp, #84]	@ 0x54
        Age = state[ 6];
 80007e2:	6b03      	ldr	r3, [r0, #48]	@ 0x30
 80007e4:	9316      	str	r3, [sp, #88]	@ 0x58
 80007e6:	6b43      	ldr	r3, [r0, #52]	@ 0x34
 80007e8:	9317      	str	r3, [sp, #92]	@ 0x5c
        Agi = state[ 7];
 80007ea:	6b83      	ldr	r3, [r0, #56]	@ 0x38
 80007ec:	9318      	str	r3, [sp, #96]	@ 0x60
 80007ee:	6bc3      	ldr	r3, [r0, #60]	@ 0x3c
 80007f0:	9319      	str	r3, [sp, #100]	@ 0x64
        Ago = state[ 8];
 80007f2:	6c03      	ldr	r3, [r0, #64]	@ 0x40
 80007f4:	931a      	str	r3, [sp, #104]	@ 0x68
 80007f6:	6c43      	ldr	r3, [r0, #68]	@ 0x44
 80007f8:	931b      	str	r3, [sp, #108]	@ 0x6c
        Agu = state[ 9];
 80007fa:	6c83      	ldr	r3, [r0, #72]	@ 0x48
 80007fc:	931c      	str	r3, [sp, #112]	@ 0x70
 80007fe:	6cc3      	ldr	r3, [r0, #76]	@ 0x4c
 8000800:	931d      	str	r3, [sp, #116]	@ 0x74
        Aka = state[10];
 8000802:	6d03      	ldr	r3, [r0, #80]	@ 0x50
 8000804:	931e      	str	r3, [sp, #120]	@ 0x78
 8000806:	6d43      	ldr	r3, [r0, #84]	@ 0x54
 8000808:	931f      	str	r3, [sp, #124]	@ 0x7c
        Ake = state[11];
 800080a:	6d83      	ldr	r3, [r0, #88]	@ 0x58
 800080c:	9320      	str	r3, [sp, #128]	@ 0x80
 800080e:	6dc3      	ldr	r3, [r0, #92]	@ 0x5c
 8000810:	9321      	str	r3, [sp, #132]	@ 0x84
        Aki = state[12];
 8000812:	6e03      	ldr	r3, [r0, #96]	@ 0x60
 8000814:	9322      	str	r3, [sp, #136]	@ 0x88
 8000816:	6e43      	ldr	r3, [r0, #100]	@ 0x64
 8000818:	9323      	str	r3, [sp, #140]	@ 0x8c
        Ako = state[13];
 800081a:	6e83      	ldr	r3, [r0, #104]	@ 0x68
 800081c:	9324      	str	r3, [sp, #144]	@ 0x90
 800081e:	6ec3      	ldr	r3, [r0, #108]	@ 0x6c
 8000820:	9325      	str	r3, [sp, #148]	@ 0x94
        Aku = state[14];
 8000822:	6f03      	ldr	r3, [r0, #112]	@ 0x70
 8000824:	9326      	str	r3, [sp, #152]	@ 0x98
 8000826:	6f43      	ldr	r3, [r0, #116]	@ 0x74
 8000828:	9327      	str	r3, [sp, #156]	@ 0x9c
        Ama = state[15];
 800082a:	6f83      	ldr	r3, [r0, #120]	@ 0x78
 800082c:	9328      	str	r3, [sp, #160]	@ 0xa0
 800082e:	6fc3      	ldr	r3, [r0, #124]	@ 0x7c
 8000830:	9329      	str	r3, [sp, #164]	@ 0xa4
        Ame = state[16];
 8000832:	f8d0 3080 	ldr.w	r3, [r0, #128]	@ 0x80
 8000836:	932a      	str	r3, [sp, #168]	@ 0xa8
 8000838:	f8d0 3084 	ldr.w	r3, [r0, #132]	@ 0x84
 800083c:	932b      	str	r3, [sp, #172]	@ 0xac
        Ami = state[17];
 800083e:	f8d0 3088 	ldr.w	r3, [r0, #136]	@ 0x88
 8000842:	932c      	str	r3, [sp, #176]	@ 0xb0
 8000844:	f8d0 308c 	ldr.w	r3, [r0, #140]	@ 0x8c
 8000848:	932d      	str	r3, [sp, #180]	@ 0xb4
        Amo = state[18];
 800084a:	f8d0 3090 	ldr.w	r3, [r0, #144]	@ 0x90
 800084e:	932e      	str	r3, [sp, #184]	@ 0xb8
 8000850:	f8d0 3094 	ldr.w	r3, [r0, #148]	@ 0x94
 8000854:	932f      	str	r3, [sp, #188]	@ 0xbc
        Amu = state[19];
 8000856:	f8d0 3098 	ldr.w	r3, [r0, #152]	@ 0x98
 800085a:	9330      	str	r3, [sp, #192]	@ 0xc0
 800085c:	f8d0 309c 	ldr.w	r3, [r0, #156]	@ 0x9c
 8000860:	9331      	str	r3, [sp, #196]	@ 0xc4
        Asa = state[20];
 8000862:	f8d0 30a0 	ldr.w	r3, [r0, #160]	@ 0xa0
 8000866:	9332      	str	r3, [sp, #200]	@ 0xc8
 8000868:	f8d0 30a4 	ldr.w	r3, [r0, #164]	@ 0xa4
 800086c:	9333      	str	r3, [sp, #204]	@ 0xcc
        Ase = state[21];
 800086e:	f8d0 30a8 	ldr.w	r3, [r0, #168]	@ 0xa8
 8000872:	9334      	str	r3, [sp, #208]	@ 0xd0
 8000874:	f8d0 30ac 	ldr.w	r3, [r0, #172]	@ 0xac
 8000878:	9335      	str	r3, [sp, #212]	@ 0xd4
        Asi = state[22];
 800087a:	f8d0 30b0 	ldr.w	r3, [r0, #176]	@ 0xb0
 800087e:	9336      	str	r3, [sp, #216]	@ 0xd8
 8000880:	f8d0 30b4 	ldr.w	r3, [r0, #180]	@ 0xb4
 8000884:	9337      	str	r3, [sp, #220]	@ 0xdc
        Aso = state[23];
 8000886:	f8d0 30b8 	ldr.w	r3, [r0, #184]	@ 0xb8
 800088a:	9338      	str	r3, [sp, #224]	@ 0xe0
 800088c:	f8d0 30bc 	ldr.w	r3, [r0, #188]	@ 0xbc
 8000890:	9339      	str	r3, [sp, #228]	@ 0xe4
        Asu = state[24];
 8000892:	f8d0 30c0 	ldr.w	r3, [r0, #192]	@ 0xc0
 8000896:	933a      	str	r3, [sp, #232]	@ 0xe8
 8000898:	f8d0 60c4 	ldr.w	r6, [r0, #196]	@ 0xc4

        for(round = 0; round < NROUNDS; round += 2) {
 800089c:	4b01      	ldr	r3, [pc, #4]	@ (80008a4 <KeccakF1600_StatePermute+0xf8>)
 800089e:	9300      	str	r3, [sp, #0]
 80008a0:	e002      	b.n	80008a8 <KeccakF1600_StatePermute+0xfc>
 80008a2:	bf00      	nop
 80008a4:	08002768 	.word	0x08002768
            //    prepareTheta
            BCa = Aba^Aga^Aka^Ama^Asa;
 80008a8:	9a14      	ldr	r2, [sp, #80]	@ 0x50
 80008aa:	9b0a      	ldr	r3, [sp, #40]	@ 0x28
 80008ac:	9915      	ldr	r1, [sp, #84]	@ 0x54
 80008ae:	4053      	eors	r3, r2
 80008b0:	9a0b      	ldr	r2, [sp, #44]	@ 0x2c
 80008b2:	ea82 0501 	eor.w	r5, r2, r1
 80008b6:	9a1e      	ldr	r2, [sp, #120]	@ 0x78
 80008b8:	4053      	eors	r3, r2
 80008ba:	9a1f      	ldr	r2, [sp, #124]	@ 0x7c
 80008bc:	4055      	eors	r5, r2
 80008be:	9a28      	ldr	r2, [sp, #160]	@ 0xa0
 80008c0:	4053      	eors	r3, r2
 80008c2:	9a29      	ldr	r2, [sp, #164]	@ 0xa4
 80008c4:	4055      	eors	r5, r2
 80008c6:	9a32      	ldr	r2, [sp, #200]	@ 0xc8
 80008c8:	4053      	eors	r3, r2
 80008ca:	9a33      	ldr	r2, [sp, #204]	@ 0xcc
 80008cc:	9308      	str	r3, [sp, #32]
 80008ce:	4055      	eors	r5, r2
            BCe = Abe^Age^Ake^Ame^Ase;
 80008d0:	9b0c      	ldr	r3, [sp, #48]	@ 0x30
 80008d2:	9a16      	ldr	r2, [sp, #88]	@ 0x58
 80008d4:	ea83 0902 	eor.w	r9, r3, r2
 80008d8:	9b0d      	ldr	r3, [sp, #52]	@ 0x34
 80008da:	9a17      	ldr	r2, [sp, #92]	@ 0x5c
 80008dc:	ea83 0802 	eor.w	r8, r3, r2
 80008e0:	9b20      	ldr	r3, [sp, #128]	@ 0x80
            BCi = Abi^Agi^Aki^Ami^Asi;
 80008e2:	9a18      	ldr	r2, [sp, #96]	@ 0x60
            BCe = Abe^Age^Ake^Ame^Ase;
 80008e4:	ea89 0903 	eor.w	r9, r9, r3
 80008e8:	9b21      	ldr	r3, [sp, #132]	@ 0x84
 80008ea:	ea88 0803 	eor.w	r8, r8, r3
 80008ee:	9b2a      	ldr	r3, [sp, #168]	@ 0xa8
 80008f0:	ea89 0903 	eor.w	r9, r9, r3
 80008f4:	9b2b      	ldr	r3, [sp, #172]	@ 0xac
 80008f6:	ea88 0803 	eor.w	r8, r8, r3
 80008fa:	9b34      	ldr	r3, [sp, #208]	@ 0xd0
 80008fc:	ea89 0903 	eor.w	r9, r9, r3
 8000900:	9b35      	ldr	r3, [sp, #212]	@ 0xd4
 8000902:	ea88 0803 	eor.w	r8, r8, r3
            BCi = Abi^Agi^Aki^Ami^Asi;
 8000906:	9b0e      	ldr	r3, [sp, #56]	@ 0x38
 8000908:	ea83 0c02 	eor.w	ip, r3, r2
 800090c:	9b0f      	ldr	r3, [sp, #60]	@ 0x3c
 800090e:	9a19      	ldr	r2, [sp, #100]	@ 0x64
 8000910:	ea83 0702 	eor.w	r7, r3, r2
 8000914:	9b22      	ldr	r3, [sp, #136]	@ 0x88
 8000916:	9a23      	ldr	r2, [sp, #140]	@ 0x8c
 8000918:	ea8c 0c03 	eor.w	ip, ip, r3
 800091c:	4057      	eors	r7, r2
 800091e:	9b2c      	ldr	r3, [sp, #176]	@ 0xb0
 8000920:	9a2d      	ldr	r2, [sp, #180]	@ 0xb4
 8000922:	ea8c 0c03 	eor.w	ip, ip, r3
 8000926:	4057      	eors	r7, r2
 8000928:	9b36      	ldr	r3, [sp, #216]	@ 0xd8
 800092a:	9a37      	ldr	r2, [sp, #220]	@ 0xdc
 800092c:	ea8c 0c03 	eor.w	ip, ip, r3
 8000930:	4057      	eors	r7, r2
            BCo = Abo^Ago^Ako^Amo^Aso;
 8000932:	9b10      	ldr	r3, [sp, #64]	@ 0x40
 8000934:	9a1a      	ldr	r2, [sp, #104]	@ 0x68
            BCu = Abu^Agu^Aku^Amu^Asu;
 8000936:	f8dd e074 	ldr.w	lr, [sp, #116]	@ 0x74
            BCo = Abo^Ago^Ako^Amo^Aso;
 800093a:	ea83 0402 	eor.w	r4, r3, r2
 800093e:	9b11      	ldr	r3, [sp, #68]	@ 0x44
 8000940:	9a1b      	ldr	r2, [sp, #108]	@ 0x6c
 8000942:	ea83 0102 	eor.w	r1, r3, r2
 8000946:	9a24      	ldr	r2, [sp, #144]	@ 0x90
            BCu = Abu^Agu^Aku^Amu^Asu;
 8000948:	9b12      	ldr	r3, [sp, #72]	@ 0x48
            BCo = Abo^Ago^Ako^Amo^Aso;
 800094a:	4054      	eors	r4, r2
 800094c:	9a25      	ldr	r2, [sp, #148]	@ 0x94
 800094e:	4051      	eors	r1, r2
 8000950:	9a2e      	ldr	r2, [sp, #184]	@ 0xb8
 8000952:	4054      	eors	r4, r2
 8000954:	9a2f      	ldr	r2, [sp, #188]	@ 0xbc
 8000956:	4051      	eors	r1, r2
 8000958:	9a38      	ldr	r2, [sp, #224]	@ 0xe0
 800095a:	4054      	eors	r4, r2
 800095c:	9a39      	ldr	r2, [sp, #228]	@ 0xe4
 800095e:	4051      	eors	r1, r2
            BCu = Abu^Agu^Aku^Amu^Asu;
 8000960:	9a1c      	ldr	r2, [sp, #112]	@ 0x70
 8000962:	405a      	eors	r2, r3
 8000964:	9b13      	ldr	r3, [sp, #76]	@ 0x4c
 8000966:	ea83 0e0e 	eor.w	lr, r3, lr
 800096a:	9b26      	ldr	r3, [sp, #152]	@ 0x98
 800096c:	405a      	eors	r2, r3
 800096e:	9b27      	ldr	r3, [sp, #156]	@ 0x9c
 8000970:	ea8e 0e03 	eor.w	lr, lr, r3
 8000974:	9b30      	ldr	r3, [sp, #192]	@ 0xc0
 8000976:	405a      	eors	r2, r3
 8000978:	9b31      	ldr	r3, [sp, #196]	@ 0xc4
 800097a:	ea8e 0e03 	eor.w	lr, lr, r3
 800097e:	9b3a      	ldr	r3, [sp, #232]	@ 0xe8

            //thetaRhoPiChiIotaPrepareTheta(round, A, E)
            Da = BCu^ROL(BCe, 1);
 8000980:	ea4f 0b49 	mov.w	fp, r9, lsl #1
            BCu = Abu^Agu^Aku^Amu^Asu;
 8000984:	405a      	eors	r2, r3
            Da = BCu^ROL(BCe, 1);
 8000986:	ea4b 7bd8 	orr.w	fp, fp, r8, lsr #31
 800098a:	ea4f 0a48 	mov.w	sl, r8, lsl #1
            BCu = Abu^Agu^Aku^Amu^Asu;
 800098e:	ea8e 0e06 	eor.w	lr, lr, r6
            Da = BCu^ROL(BCe, 1);
 8000992:	ea8b 0302 	eor.w	r3, fp, r2
 8000996:	ea4a 7ad9 	orr.w	sl, sl, r9, lsr #31
 800099a:	9301      	str	r3, [sp, #4]
 800099c:	ea8a 030e 	eor.w	r3, sl, lr
 80009a0:	9302      	str	r3, [sp, #8]
            De = BCa^ROL(BCi, 1);
 80009a2:	ea4f 0b4c 	mov.w	fp, ip, lsl #1
 80009a6:	9b08      	ldr	r3, [sp, #32]
 80009a8:	ea4b 7bd7 	orr.w	fp, fp, r7, lsr #31
 80009ac:	ea4f 0a47 	mov.w	sl, r7, lsl #1
 80009b0:	ea4a 7adc 	orr.w	sl, sl, ip, lsr #31
 80009b4:	ea8b 0303 	eor.w	r3, fp, r3
 80009b8:	9303      	str	r3, [sp, #12]
 80009ba:	ea8a 0305 	eor.w	r3, sl, r5
            Di = BCe^ROL(BCo, 1);
 80009be:	ea4f 0a41 	mov.w	sl, r1, lsl #1
 80009c2:	ea4a 7ad4 	orr.w	sl, sl, r4, lsr #31
            De = BCa^ROL(BCi, 1);
 80009c6:	9304      	str	r3, [sp, #16]
            Di = BCe^ROL(BCo, 1);
 80009c8:	ea8a 0308 	eor.w	r3, sl, r8
            Do = BCi^ROL(BCu, 1);
 80009cc:	ea4f 084e 	mov.w	r8, lr, lsl #1
 80009d0:	ea48 78d2 	orr.w	r8, r8, r2, lsr #31
 80009d4:	0052      	lsls	r2, r2, #1
 80009d6:	ea42 72de 	orr.w	r2, r2, lr, lsr #31
            Di = BCe^ROL(BCo, 1);
 80009da:	9305      	str	r3, [sp, #20]
            Do = BCi^ROL(BCu, 1);
 80009dc:	ea82 030c 	eor.w	r3, r2, ip
 80009e0:	9306      	str	r3, [sp, #24]
 80009e2:	ea88 0307 	eor.w	r3, r8, r7
 80009e6:	9307      	str	r3, [sp, #28]
            Du = BCo^ROL(BCa, 1);
 80009e8:	9b08      	ldr	r3, [sp, #32]
 80009ea:	006a      	lsls	r2, r5, #1
 80009ec:	ea42 72d3 	orr.w	r2, r2, r3, lsr #31
 80009f0:	005b      	lsls	r3, r3, #1
 80009f2:	ea43 73d5 	orr.w	r3, r3, r5, lsr #31
 80009f6:	4063      	eors	r3, r4
 80009f8:	9308      	str	r3, [sp, #32]
 80009fa:	ea82 0301 	eor.w	r3, r2, r1
            Di = BCe^ROL(BCo, 1);
 80009fe:	ea4f 0b44 	mov.w	fp, r4, lsl #1

            Aba ^= Da;
 8000a02:	9a0a      	ldr	r2, [sp, #40]	@ 0x28
            Du = BCo^ROL(BCa, 1);
 8000a04:	9309      	str	r3, [sp, #36]	@ 0x24
            Aba ^= Da;
 8000a06:	9b01      	ldr	r3, [sp, #4]
            Di = BCe^ROL(BCo, 1);
 8000a08:	ea4b 7bd1 	orr.w	fp, fp, r1, lsr #31
 8000a0c:	ea8b 0b09 	eor.w	fp, fp, r9
            Aba ^= Da;
 8000a10:	ea83 0902 	eor.w	r9, r3, r2
 8000a14:	9b02      	ldr	r3, [sp, #8]
 8000a16:	9a0b      	ldr	r2, [sp, #44]	@ 0x2c
            BCa = Aba;
            Age ^= De;
 8000a18:	9917      	ldr	r1, [sp, #92]	@ 0x5c
            BCe = ROL(Age, 44);
            Aki ^= Di;
 8000a1a:	9c23      	ldr	r4, [sp, #140]	@ 0x8c
            BCi = ROL(Aki, 43);
            Amo ^= Do;
 8000a1c:	9f2f      	ldr	r7, [sp, #188]	@ 0xbc
            Aba ^= Da;
 8000a1e:	ea83 0a02 	eor.w	sl, r3, r2
            Age ^= De;
 8000a22:	9b03      	ldr	r3, [sp, #12]
 8000a24:	9a16      	ldr	r2, [sp, #88]	@ 0x58
 8000a26:	405a      	eors	r2, r3
 8000a28:	9b04      	ldr	r3, [sp, #16]
            BCe = ROL(Age, 44);
 8000a2a:	0d15      	lsrs	r5, r2, #20
            Age ^= De;
 8000a2c:	404b      	eors	r3, r1
            BCe = ROL(Age, 44);
 8000a2e:	ea45 3503 	orr.w	r5, r5, r3, lsl #12
 8000a32:	0d1b      	lsrs	r3, r3, #20
 8000a34:	ea43 3302 	orr.w	r3, r3, r2, lsl #12
            Aki ^= Di;
 8000a38:	9a22      	ldr	r2, [sp, #136]	@ 0x88
 8000a3a:	9905      	ldr	r1, [sp, #20]
 8000a3c:	ea8b 0202 	eor.w	r2, fp, r2
 8000a40:	404c      	eors	r4, r1
            BCi = ROL(Aki, 43);
 8000a42:	ea4f 5852 	mov.w	r8, r2, lsr #21
 8000a46:	ea48 28c4 	orr.w	r8, r8, r4, lsl #11
 8000a4a:	0d64      	lsrs	r4, r4, #21
 8000a4c:	ea44 24c2 	orr.w	r4, r4, r2, lsl #11
            Amo ^= Do;
 8000a50:	992e      	ldr	r1, [sp, #184]	@ 0xb8
 8000a52:	9a06      	ldr	r2, [sp, #24]
 8000a54:	4051      	eors	r1, r2
 8000a56:	9a07      	ldr	r2, [sp, #28]
 8000a58:	407a      	eors	r2, r7
            BCo = ROL(Amo, 21);
 8000a5a:	ea4f 5e42 	mov.w	lr, r2, lsl #21
 8000a5e:	ea4e 2ed1 	orr.w	lr, lr, r1, lsr #11
 8000a62:	0549      	lsls	r1, r1, #21
            Asu ^= Du;
 8000a64:	9f3a      	ldr	r7, [sp, #232]	@ 0xe8
            BCo = ROL(Amo, 21);
 8000a66:	ea41 21d2 	orr.w	r1, r1, r2, lsr #11
            Asu ^= Du;
 8000a6a:	9a08      	ldr	r2, [sp, #32]
 8000a6c:	407a      	eors	r2, r7
 8000a6e:	9f09      	ldr	r7, [sp, #36]	@ 0x24
 8000a70:	407e      	eors	r6, r7
            BCu = ROL(Asu, 14);
 8000a72:	ea4f 3c86 	mov.w	ip, r6, lsl #14
 8000a76:	ea4c 4c92 	orr.w	ip, ip, r2, lsr #18
 8000a7a:	0392      	lsls	r2, r2, #14
 8000a7c:	ea42 4296 	orr.w	r2, r2, r6, lsr #18
            Eba =   BCa ^((~BCe)&  BCi );
            Eba ^= (uint64_t)KeccakF_RoundConstants[round];
 8000a80:	9e00      	ldr	r6, [sp, #0]
 8000a82:	e9d6 7600 	ldrd	r7, r6, [r6]
 8000a86:	ea8a 0606 	eor.w	r6, sl, r6
 8000a8a:	960b      	str	r6, [sp, #44]	@ 0x2c
 8000a8c:	ea89 0707 	eor.w	r7, r9, r7
 8000a90:	ea28 0605 	bic.w	r6, r8, r5
 8000a94:	407e      	eors	r6, r7
 8000a96:	9f0b      	ldr	r7, [sp, #44]	@ 0x2c
 8000a98:	960a      	str	r6, [sp, #40]	@ 0x28
 8000a9a:	ea24 0603 	bic.w	r6, r4, r3
 8000a9e:	4077      	eors	r7, r6
            Ebe =   BCe ^((~BCi)&  BCo );
 8000aa0:	ea2e 0604 	bic.w	r6, lr, r4
 8000aa4:	405e      	eors	r6, r3
            Eba ^= (uint64_t)KeccakF_RoundConstants[round];
 8000aa6:	970b      	str	r7, [sp, #44]	@ 0x2c
            Ebe =   BCe ^((~BCi)&  BCo );
 8000aa8:	ea21 0708 	bic.w	r7, r1, r8
 8000aac:	406f      	eors	r7, r5
 8000aae:	9623      	str	r6, [sp, #140]	@ 0x8c
            Ebi =   BCi ^((~BCo)&  BCu );
            Ebo =   BCo ^((~BCu)&  BCa );
            Ebu =   BCu ^((~BCa)&  BCe );
 8000ab0:	ea25 0509 	bic.w	r5, r5, r9
            Ebi =   BCi ^((~BCo)&  BCu );
 8000ab4:	ea2c 060e 	bic.w	r6, ip, lr
            Ebu =   BCu ^((~BCa)&  BCe );
 8000ab8:	ea23 030a 	bic.w	r3, r3, sl
            Ebi =   BCi ^((~BCo)&  BCu );
 8000abc:	4074      	eors	r4, r6
            Ebu =   BCu ^((~BCa)&  BCe );
 8000abe:	ea83 030c 	eor.w	r3, r3, ip
            Ebo =   BCo ^((~BCu)&  BCa );
 8000ac2:	ea29 0602 	bic.w	r6, r9, r2
            Ebe =   BCe ^((~BCi)&  BCo );
 8000ac6:	9722      	str	r7, [sp, #136]	@ 0x88
            Ebi =   BCi ^((~BCo)&  BCu );
 8000ac8:	ea22 0701 	bic.w	r7, r2, r1
            Ebu =   BCu ^((~BCa)&  BCe );
 8000acc:	406a      	eors	r2, r5
            Ebo =   BCo ^((~BCu)&  BCa );
 8000ace:	4071      	eors	r1, r6
            Ebi =   BCi ^((~BCo)&  BCu );
 8000ad0:	943b      	str	r4, [sp, #236]	@ 0xec
            Ebu =   BCu ^((~BCa)&  BCe );
 8000ad2:	922e      	str	r2, [sp, #184]	@ 0xb8
            Ebo =   BCo ^((~BCu)&  BCa );
 8000ad4:	ea2a 040c 	bic.w	r4, sl, ip

            Abo ^= Do;
 8000ad8:	9a10      	ldr	r2, [sp, #64]	@ 0x40
            Ebu =   BCu ^((~BCa)&  BCe );
 8000ada:	932f      	str	r3, [sp, #188]	@ 0xbc
            Abo ^= Do;
 8000adc:	9b06      	ldr	r3, [sp, #24]
            Ebo =   BCo ^((~BCu)&  BCa );
 8000ade:	9116      	str	r1, [sp, #88]	@ 0x58
            Ebi =   BCi ^((~BCo)&  BCu );
 8000ae0:	ea87 0708 	eor.w	r7, r7, r8
            Ebo =   BCo ^((~BCu)&  BCa );
 8000ae4:	ea84 010e 	eor.w	r1, r4, lr
            Ebi =   BCi ^((~BCo)&  BCu );
 8000ae8:	973a      	str	r7, [sp, #232]	@ 0xe8
            Ebo =   BCo ^((~BCu)&  BCa );
 8000aea:	9117      	str	r1, [sp, #92]	@ 0x5c
            Abo ^= Do;
 8000aec:	ea83 0102 	eor.w	r1, r3, r2
 8000af0:	9b07      	ldr	r3, [sp, #28]
 8000af2:	9a11      	ldr	r2, [sp, #68]	@ 0x44
            BCa = ROL(Abo, 28);
            Agu ^= Du;
 8000af4:	9c1d      	ldr	r4, [sp, #116]	@ 0x74
            BCe = ROL(Agu, 20);
            Aka ^= Da;
            BCi = ROL(Aka,  3);
            Ame ^= De;
 8000af6:	9f2b      	ldr	r7, [sp, #172]	@ 0xac
            Abo ^= Do;
 8000af8:	4053      	eors	r3, r2
            BCa = ROL(Abo, 28);
 8000afa:	ea4f 7c03 	mov.w	ip, r3, lsl #28
 8000afe:	ea4c 1c11 	orr.w	ip, ip, r1, lsr #4
 8000b02:	0709      	lsls	r1, r1, #28
 8000b04:	ea41 1113 	orr.w	r1, r1, r3, lsr #4
            Agu ^= Du;
 8000b08:	9a1c      	ldr	r2, [sp, #112]	@ 0x70
 8000b0a:	9b08      	ldr	r3, [sp, #32]
 8000b0c:	4053      	eors	r3, r2
 8000b0e:	9a09      	ldr	r2, [sp, #36]	@ 0x24
 8000b10:	4062      	eors	r2, r4
            BCe = ROL(Agu, 20);
 8000b12:	0516      	lsls	r6, r2, #20
 8000b14:	ea46 3613 	orr.w	r6, r6, r3, lsr #12
 8000b18:	051b      	lsls	r3, r3, #20
            Aka ^= Da;
 8000b1a:	9c1e      	ldr	r4, [sp, #120]	@ 0x78
            BCe = ROL(Agu, 20);
 8000b1c:	ea43 3312 	orr.w	r3, r3, r2, lsr #12
            Aka ^= Da;
 8000b20:	9a01      	ldr	r2, [sp, #4]
 8000b22:	ea82 0504 	eor.w	r5, r2, r4
 8000b26:	9c1f      	ldr	r4, [sp, #124]	@ 0x7c
 8000b28:	9a02      	ldr	r2, [sp, #8]
 8000b2a:	4062      	eors	r2, r4
            BCi = ROL(Aka,  3);
 8000b2c:	ea4f 08c2 	mov.w	r8, r2, lsl #3
 8000b30:	ea48 7855 	orr.w	r8, r8, r5, lsr #29
 8000b34:	00ed      	lsls	r5, r5, #3
            Ame ^= De;
 8000b36:	9c2a      	ldr	r4, [sp, #168]	@ 0xa8
            BCi = ROL(Aka,  3);
 8000b38:	ea45 7552 	orr.w	r5, r5, r2, lsr #29
            Ame ^= De;
 8000b3c:	9a03      	ldr	r2, [sp, #12]
 8000b3e:	4062      	eors	r2, r4
 8000b40:	9c04      	ldr	r4, [sp, #16]
            BCo = ROL(Ame, 45);
 8000b42:	ea4f 4ed2 	mov.w	lr, r2, lsr #19
            Ame ^= De;
 8000b46:	407c      	eors	r4, r7
            BCo = ROL(Ame, 45);
 8000b48:	ea4e 3e44 	orr.w	lr, lr, r4, lsl #13
 8000b4c:	0ce4      	lsrs	r4, r4, #19
 8000b4e:	ea44 3442 	orr.w	r4, r4, r2, lsl #13
            Asi ^= Di;
 8000b52:	9a36      	ldr	r2, [sp, #216]	@ 0xd8
 8000b54:	9f37      	ldr	r7, [sp, #220]	@ 0xdc
 8000b56:	ea8b 0902 	eor.w	r9, fp, r2
 8000b5a:	9a05      	ldr	r2, [sp, #20]
 8000b5c:	407a      	eors	r2, r7
            BCu = ROL(Asi, 61);
 8000b5e:	ea4f 07d9 	mov.w	r7, r9, lsr #3
 8000b62:	ea47 7742 	orr.w	r7, r7, r2, lsl #29
            Ega =   BCa ^((~BCe)&  BCi );
 8000b66:	ea25 0a03 	bic.w	sl, r5, r3
            BCu = ROL(Asi, 61);
 8000b6a:	08d2      	lsrs	r2, r2, #3
 8000b6c:	ea42 7249 	orr.w	r2, r2, r9, lsl #29
            Ega =   BCa ^((~BCe)&  BCi );
 8000b70:	ea8a 0a01 	eor.w	sl, sl, r1
 8000b74:	ea28 0906 	bic.w	r9, r8, r6
 8000b78:	ea89 090c 	eor.w	r9, r9, ip
 8000b7c:	f8cd a0a8 	str.w	sl, [sp, #168]	@ 0xa8
            Ege =   BCe ^((~BCi)&  BCo );
 8000b80:	ea2e 0a05 	bic.w	sl, lr, r5
 8000b84:	ea8a 0a03 	eor.w	sl, sl, r3
            Ega =   BCa ^((~BCe)&  BCi );
 8000b88:	f8cd 90ac 	str.w	r9, [sp, #172]	@ 0xac
            Ege =   BCe ^((~BCi)&  BCo );
 8000b8c:	ea24 0908 	bic.w	r9, r4, r8
 8000b90:	ea89 0906 	eor.w	r9, r9, r6
 8000b94:	f8cd a040 	str.w	sl, [sp, #64]	@ 0x40
            Egi =   BCi ^((~BCo)&  BCu );
            Ego =   BCo ^((~BCu)&  BCa );
            Egu =   BCu ^((~BCa)&  BCe );
 8000b98:	ea23 0301 	bic.w	r3, r3, r1
            Egi =   BCi ^((~BCo)&  BCu );
 8000b9c:	ea27 0a0e 	bic.w	sl, r7, lr
 8000ba0:	ea8a 0505 	eor.w	r5, sl, r5
            Egu =   BCu ^((~BCa)&  BCe );
 8000ba4:	ea26 060c 	bic.w	r6, r6, ip
 8000ba8:	407b      	eors	r3, r7
            Ege =   BCe ^((~BCi)&  BCo );
 8000baa:	f8cd 9044 	str.w	r9, [sp, #68]	@ 0x44
            Egi =   BCi ^((~BCo)&  BCu );
 8000bae:	ea22 0904 	bic.w	r9, r2, r4
 8000bb2:	951e      	str	r5, [sp, #120]	@ 0x78
            Egu =   BCu ^((~BCa)&  BCe );
 8000bb4:	931c      	str	r3, [sp, #112]	@ 0x70
            Egi =   BCi ^((~BCo)&  BCu );
 8000bb6:	ea89 0508 	eor.w	r5, r9, r8
            Egu =   BCu ^((~BCa)&  BCe );
 8000bba:	ea86 0302 	eor.w	r3, r6, r2
            Egi =   BCi ^((~BCo)&  BCu );
 8000bbe:	951f      	str	r5, [sp, #124]	@ 0x7c
            Egu =   BCu ^((~BCa)&  BCe );
 8000bc0:	931d      	str	r3, [sp, #116]	@ 0x74
            Ego =   BCo ^((~BCu)&  BCa );
 8000bc2:	ea2c 0502 	bic.w	r5, ip, r2

            Abe ^= De;
 8000bc6:	9b03      	ldr	r3, [sp, #12]
 8000bc8:	9a0c      	ldr	r2, [sp, #48]	@ 0x30
            Ego =   BCo ^((~BCu)&  BCa );
 8000bca:	ea21 0807 	bic.w	r8, r1, r7
            Abe ^= De;
 8000bce:	ea83 0102 	eor.w	r1, r3, r2
 8000bd2:	9b04      	ldr	r3, [sp, #16]
 8000bd4:	9a0d      	ldr	r2, [sp, #52]	@ 0x34
 8000bd6:	4053      	eors	r3, r2
            BCa = ROL(Abe,  1);
 8000bd8:	ea4f 0c43 	mov.w	ip, r3, lsl #1
 8000bdc:	ea4c 7cd1 	orr.w	ip, ip, r1, lsr #31
            Ego =   BCo ^((~BCu)&  BCa );
 8000be0:	ea88 0e0e 	eor.w	lr, r8, lr
 8000be4:	406c      	eors	r4, r5
            BCa = ROL(Abe,  1);
 8000be6:	0049      	lsls	r1, r1, #1
 8000be8:	ea41 71d3 	orr.w	r1, r1, r3, lsr #31
            Ego =   BCo ^((~BCu)&  BCa );
 8000bec:	f8cd e0d8 	str.w	lr, [sp, #216]	@ 0xd8
            Agi ^= Di;
 8000bf0:	9b18      	ldr	r3, [sp, #96]	@ 0x60
            Ego =   BCo ^((~BCu)&  BCa );
 8000bf2:	9437      	str	r4, [sp, #220]	@ 0xdc
            Agi ^= Di;
 8000bf4:	9a05      	ldr	r2, [sp, #20]
 8000bf6:	9c19      	ldr	r4, [sp, #100]	@ 0x64
            BCe = ROL(Agi,  6);
            Ako ^= Do;
            BCi = ROL(Ako, 25);
            Amu ^= Du;
 8000bf8:	9f31      	ldr	r7, [sp, #196]	@ 0xc4
            BCo = ROL(Amu,  8);
            Asa ^= Da;
 8000bfa:	f8dd 90cc 	ldr.w	r9, [sp, #204]	@ 0xcc
            Agi ^= Di;
 8000bfe:	4062      	eors	r2, r4
 8000c00:	ea8b 0303 	eor.w	r3, fp, r3
            BCe = ROL(Agi,  6);
 8000c04:	0196      	lsls	r6, r2, #6
 8000c06:	ea46 6693 	orr.w	r6, r6, r3, lsr #26
 8000c0a:	019b      	lsls	r3, r3, #6
            Ako ^= Do;
 8000c0c:	9c24      	ldr	r4, [sp, #144]	@ 0x90
            BCe = ROL(Agi,  6);
 8000c0e:	ea43 6392 	orr.w	r3, r3, r2, lsr #26
            Ako ^= Do;
 8000c12:	9a06      	ldr	r2, [sp, #24]
 8000c14:	ea82 0504 	eor.w	r5, r2, r4
 8000c18:	9c25      	ldr	r4, [sp, #148]	@ 0x94
 8000c1a:	9a07      	ldr	r2, [sp, #28]
 8000c1c:	4062      	eors	r2, r4
            BCi = ROL(Ako, 25);
 8000c1e:	ea4f 6842 	mov.w	r8, r2, lsl #25
 8000c22:	ea48 18d5 	orr.w	r8, r8, r5, lsr #7
 8000c26:	066d      	lsls	r5, r5, #25
 8000c28:	ea45 15d2 	orr.w	r5, r5, r2, lsr #7
            Amu ^= Du;
 8000c2c:	9c30      	ldr	r4, [sp, #192]	@ 0xc0
 8000c2e:	9a08      	ldr	r2, [sp, #32]
 8000c30:	4054      	eors	r4, r2
 8000c32:	9a09      	ldr	r2, [sp, #36]	@ 0x24
 8000c34:	407a      	eors	r2, r7
            BCo = ROL(Amu,  8);
 8000c36:	ea4f 2e02 	mov.w	lr, r2, lsl #8
 8000c3a:	ea4e 6e14 	orr.w	lr, lr, r4, lsr #24
 8000c3e:	0224      	lsls	r4, r4, #8
            Asa ^= Da;
 8000c40:	9f32      	ldr	r7, [sp, #200]	@ 0xc8
            BCo = ROL(Amu,  8);
 8000c42:	ea44 6412 	orr.w	r4, r4, r2, lsr #24
            Asa ^= Da;
 8000c46:	9a01      	ldr	r2, [sp, #4]
 8000c48:	407a      	eors	r2, r7
 8000c4a:	9f02      	ldr	r7, [sp, #8]
 8000c4c:	ea87 0909 	eor.w	r9, r7, r9
            BCu = ROL(Asa, 18);
 8000c50:	ea4f 4789 	mov.w	r7, r9, lsl #18
 8000c54:	ea47 3792 	orr.w	r7, r7, r2, lsr #14
            Eka =   BCa ^((~BCe)&  BCi );
 8000c58:	ea25 0a03 	bic.w	sl, r5, r3
            BCu = ROL(Asa, 18);
 8000c5c:	0492      	lsls	r2, r2, #18
 8000c5e:	ea42 3299 	orr.w	r2, r2, r9, lsr #14
            Eka =   BCa ^((~BCe)&  BCi );
 8000c62:	ea8a 0a01 	eor.w	sl, sl, r1
 8000c66:	ea28 0906 	bic.w	r9, r8, r6
 8000c6a:	ea89 090c 	eor.w	r9, r9, ip
 8000c6e:	f8cd a060 	str.w	sl, [sp, #96]	@ 0x60
            Eke =   BCe ^((~BCi)&  BCo );
 8000c72:	ea24 0a05 	bic.w	sl, r4, r5
 8000c76:	ea8a 0a03 	eor.w	sl, sl, r3
            Eka =   BCa ^((~BCe)&  BCi );
 8000c7a:	f8cd 9064 	str.w	r9, [sp, #100]	@ 0x64
            Eki =   BCi ^((~BCo)&  BCu );
            Eko =   BCo ^((~BCu)&  BCa );
            Eku =   BCu ^((~BCa)&  BCe );
 8000c7e:	ea23 0301 	bic.w	r3, r3, r1
            Eke =   BCe ^((~BCi)&  BCo );
 8000c82:	ea2e 0908 	bic.w	r9, lr, r8
 8000c86:	ea89 0906 	eor.w	r9, r9, r6
            Eku =   BCu ^((~BCa)&  BCe );
 8000c8a:	4053      	eors	r3, r2
 8000c8c:	ea26 060c 	bic.w	r6, r6, ip
            Eke =   BCe ^((~BCi)&  BCo );
 8000c90:	f8cd a0c0 	str.w	sl, [sp, #192]	@ 0xc0
            Eki =   BCi ^((~BCo)&  BCu );
 8000c94:	ea22 0a04 	bic.w	sl, r2, r4
 8000c98:	ea8a 0505 	eor.w	r5, sl, r5
            Eke =   BCe ^((~BCi)&  BCo );
 8000c9c:	f8cd 90c4 	str.w	r9, [sp, #196]	@ 0xc4
            Eku =   BCu ^((~BCa)&  BCe );
 8000ca0:	9332      	str	r3, [sp, #200]	@ 0xc8
            Eki =   BCi ^((~BCo)&  BCu );
 8000ca2:	ea27 090e 	bic.w	r9, r7, lr
            Eku =   BCu ^((~BCa)&  BCe );
 8000ca6:	ea86 0307 	eor.w	r3, r6, r7
            Eki =   BCi ^((~BCo)&  BCu );
 8000caa:	950c      	str	r5, [sp, #48]	@ 0x30
            Eku =   BCu ^((~BCa)&  BCe );
 8000cac:	9333      	str	r3, [sp, #204]	@ 0xcc
            Eki =   BCi ^((~BCo)&  BCu );
 8000cae:	ea89 0508 	eor.w	r5, r9, r8

            Abu ^= Du;
 8000cb2:	9b08      	ldr	r3, [sp, #32]
            Eki =   BCi ^((~BCo)&  BCu );
 8000cb4:	950d      	str	r5, [sp, #52]	@ 0x34
            Eko =   BCo ^((~BCu)&  BCa );
 8000cb6:	ea21 0802 	bic.w	r8, r1, r2
            Abu ^= Du;
 8000cba:	9a12      	ldr	r2, [sp, #72]	@ 0x48
 8000cbc:	ea83 0102 	eor.w	r1, r3, r2
 8000cc0:	9a13      	ldr	r2, [sp, #76]	@ 0x4c
 8000cc2:	9b09      	ldr	r3, [sp, #36]	@ 0x24
 8000cc4:	4053      	eors	r3, r2
            Eko =   BCo ^((~BCu)&  BCa );
 8000cc6:	ea2c 0507 	bic.w	r5, ip, r7
            BCa = ROL(Abu, 27);
 8000cca:	ea4f 6cc3 	mov.w	ip, r3, lsl #27
 8000cce:	ea4c 1c51 	orr.w	ip, ip, r1, lsr #5
 8000cd2:	06c9      	lsls	r1, r1, #27
 8000cd4:	ea41 1153 	orr.w	r1, r1, r3, lsr #5
            Eko =   BCo ^((~BCu)&  BCa );
 8000cd8:	ea88 0404 	eor.w	r4, r8, r4
            Aga ^= Da;
 8000cdc:	9b01      	ldr	r3, [sp, #4]
 8000cde:	9a14      	ldr	r2, [sp, #80]	@ 0x50
            Eko =   BCo ^((~BCu)&  BCa );
 8000ce0:	9424      	str	r4, [sp, #144]	@ 0x90
 8000ce2:	ea85 040e 	eor.w	r4, r5, lr
            Aga ^= Da;
 8000ce6:	405a      	eors	r2, r3
            Eko =   BCo ^((~BCu)&  BCa );
 8000ce8:	9425      	str	r4, [sp, #148]	@ 0x94
            Aga ^= Da;
 8000cea:	9b02      	ldr	r3, [sp, #8]
 8000cec:	9c15      	ldr	r4, [sp, #84]	@ 0x54
            BCe = ROL(Aga, 36);
 8000cee:	0f16      	lsrs	r6, r2, #28
            Aga ^= Da;
 8000cf0:	4063      	eors	r3, r4
            BCe = ROL(Aga, 36);
 8000cf2:	ea46 1603 	orr.w	r6, r6, r3, lsl #4
 8000cf6:	0f1b      	lsrs	r3, r3, #28
 8000cf8:	ea43 1302 	orr.w	r3, r3, r2, lsl #4
            Ake ^= De;
 8000cfc:	9a03      	ldr	r2, [sp, #12]
 8000cfe:	9c20      	ldr	r4, [sp, #128]	@ 0x80
            BCi = ROL(Ake, 10);
            Ami ^= Di;
 8000d00:	9f2d      	ldr	r7, [sp, #180]	@ 0xb4
            Ake ^= De;
 8000d02:	ea82 0504 	eor.w	r5, r2, r4
 8000d06:	9c21      	ldr	r4, [sp, #132]	@ 0x84
 8000d08:	9a04      	ldr	r2, [sp, #16]
 8000d0a:	4062      	eors	r2, r4
            BCi = ROL(Ake, 10);
 8000d0c:	ea4f 2882 	mov.w	r8, r2, lsl #10
 8000d10:	ea48 5895 	orr.w	r8, r8, r5, lsr #22
 8000d14:	02ad      	lsls	r5, r5, #10
 8000d16:	ea45 5592 	orr.w	r5, r5, r2, lsr #22
            Ami ^= Di;
 8000d1a:	9a2c      	ldr	r2, [sp, #176]	@ 0xb0
 8000d1c:	ea8b 0402 	eor.w	r4, fp, r2
 8000d20:	9a05      	ldr	r2, [sp, #20]
 8000d22:	407a      	eors	r2, r7
            BCo = ROL(Ami, 15);
 8000d24:	ea4f 3ec2 	mov.w	lr, r2, lsl #15
 8000d28:	ea4e 4e54 	orr.w	lr, lr, r4, lsr #17
 8000d2c:	03e4      	lsls	r4, r4, #15
            Aso ^= Do;
 8000d2e:	9f38      	ldr	r7, [sp, #224]	@ 0xe0
            BCo = ROL(Ami, 15);
 8000d30:	ea44 4452 	orr.w	r4, r4, r2, lsr #17
            Aso ^= Do;
 8000d34:	9a06      	ldr	r2, [sp, #24]
 8000d36:	ea82 0907 	eor.w	r9, r2, r7
 8000d3a:	9f39      	ldr	r7, [sp, #228]	@ 0xe4
 8000d3c:	9a07      	ldr	r2, [sp, #28]
 8000d3e:	407a      	eors	r2, r7
            BCu = ROL(Aso, 56);
 8000d40:	ea4f 2719 	mov.w	r7, r9, lsr #8
 8000d44:	ea47 6702 	orr.w	r7, r7, r2, lsl #24
            Ema =   BCa ^((~BCe)&  BCi );
 8000d48:	ea25 0a06 	bic.w	sl, r5, r6
            BCu = ROL(Aso, 56);
 8000d4c:	0a12      	lsrs	r2, r2, #8
 8000d4e:	ea42 6209 	orr.w	r2, r2, r9, lsl #24
            Ema =   BCa ^((~BCe)&  BCi );
 8000d52:	ea8a 0a01 	eor.w	sl, sl, r1
 8000d56:	ea28 0903 	bic.w	r9, r8, r3
 8000d5a:	ea89 090c 	eor.w	r9, r9, ip
 8000d5e:	f8cd a0e0 	str.w	sl, [sp, #224]	@ 0xe0
            Eme =   BCe ^((~BCi)&  BCo );
 8000d62:	ea24 0a05 	bic.w	sl, r4, r5
 8000d66:	ea8a 0a06 	eor.w	sl, sl, r6
            Ema =   BCa ^((~BCe)&  BCi );
 8000d6a:	f8cd 90e4 	str.w	r9, [sp, #228]	@ 0xe4
            Eme =   BCe ^((~BCi)&  BCo );
 8000d6e:	ea2e 0908 	bic.w	r9, lr, r8
 8000d72:	ea89 0903 	eor.w	r9, r9, r3
 8000d76:	f8cd a050 	str.w	sl, [sp, #80]	@ 0x50
            Emi =   BCi ^((~BCo)&  BCu );
            Emo =   BCo ^((~BCu)&  BCa );
            Emu =   BCu ^((~BCa)&  BCe );
 8000d7a:	ea23 030c 	bic.w	r3, r3, ip
            Emi =   BCi ^((~BCo)&  BCu );
 8000d7e:	ea27 0a04 	bic.w	sl, r7, r4
 8000d82:	ea8a 0505 	eor.w	r5, sl, r5
            Emu =   BCu ^((~BCa)&  BCe );
 8000d86:	4053      	eors	r3, r2
            Eme =   BCe ^((~BCi)&  BCo );
 8000d88:	f8cd 9054 	str.w	r9, [sp, #84]	@ 0x54
            Emu =   BCu ^((~BCa)&  BCe );
 8000d8c:	ea26 0601 	bic.w	r6, r6, r1
            Emi =   BCi ^((~BCo)&  BCu );
 8000d90:	ea22 090e 	bic.w	r9, r2, lr
 8000d94:	952c      	str	r5, [sp, #176]	@ 0xb0
            Emu =   BCu ^((~BCa)&  BCe );
 8000d96:	9321      	str	r3, [sp, #132]	@ 0x84
            Emi =   BCi ^((~BCo)&  BCu );
 8000d98:	ea89 0508 	eor.w	r5, r9, r8

            Abi ^= Di;
 8000d9c:	9b0e      	ldr	r3, [sp, #56]	@ 0x38
            Emi =   BCi ^((~BCo)&  BCu );
 8000d9e:	952d      	str	r5, [sp, #180]	@ 0xb4
            Emo =   BCo ^((~BCu)&  BCa );
 8000da0:	ea21 0807 	bic.w	r8, r1, r7
            Emu =   BCu ^((~BCa)&  BCe );
 8000da4:	ea86 0107 	eor.w	r1, r6, r7
            Emo =   BCo ^((~BCu)&  BCa );
 8000da8:	ea2c 0502 	bic.w	r5, ip, r2
 8000dac:	ea88 0404 	eor.w	r4, r8, r4
            Abi ^= Di;
 8000db0:	9a05      	ldr	r2, [sp, #20]
            Emu =   BCu ^((~BCa)&  BCe );
 8000db2:	9120      	str	r1, [sp, #128]	@ 0x80
            Abi ^= Di;
 8000db4:	990f      	ldr	r1, [sp, #60]	@ 0x3c
            Emo =   BCo ^((~BCu)&  BCa );
 8000db6:	9412      	str	r4, [sp, #72]	@ 0x48
            Abi ^= Di;
 8000db8:	ea8b 0303 	eor.w	r3, fp, r3
            Emo =   BCo ^((~BCu)&  BCa );
 8000dbc:	ea85 040e 	eor.w	r4, r5, lr
 8000dc0:	9413      	str	r4, [sp, #76]	@ 0x4c
            BCa = ROL(Abi, 62);
 8000dc2:	089d      	lsrs	r5, r3, #2
            Abi ^= Di;
 8000dc4:	ea82 0401 	eor.w	r4, r2, r1
            BCa = ROL(Abi, 62);
 8000dc8:	ea45 7584 	orr.w	r5, r5, r4, lsl #30
 8000dcc:	08a4      	lsrs	r4, r4, #2
 8000dce:	ea44 7483 	orr.w	r4, r4, r3, lsl #30
            Ago ^= Do;
 8000dd2:	9a1a      	ldr	r2, [sp, #104]	@ 0x68
 8000dd4:	9b06      	ldr	r3, [sp, #24]
            BCe = ROL(Ago, 55);
            Aku ^= Du;
 8000dd6:	9e26      	ldr	r6, [sp, #152]	@ 0x98
 8000dd8:	9f27      	ldr	r7, [sp, #156]	@ 0x9c
            Ago ^= Do;
 8000dda:	ea83 0102 	eor.w	r1, r3, r2
 8000dde:	9b07      	ldr	r3, [sp, #28]
 8000de0:	9a1b      	ldr	r2, [sp, #108]	@ 0x6c
 8000de2:	405a      	eors	r2, r3
            BCe = ROL(Ago, 55);
 8000de4:	0a4b      	lsrs	r3, r1, #9
 8000de6:	ea43 53c2 	orr.w	r3, r3, r2, lsl #23
 8000dea:	0a52      	lsrs	r2, r2, #9
 8000dec:	ea42 52c1 	orr.w	r2, r2, r1, lsl #23
            Aku ^= Du;
 8000df0:	9908      	ldr	r1, [sp, #32]
 8000df2:	4071      	eors	r1, r6
 8000df4:	9e09      	ldr	r6, [sp, #36]	@ 0x24
            BCi = ROL(Aku, 39);
 8000df6:	ea4f 6c51 	mov.w	ip, r1, lsr #25
            Aku ^= Du;
 8000dfa:	4077      	eors	r7, r6
            BCi = ROL(Aku, 39);
 8000dfc:	ea4c 1cc7 	orr.w	ip, ip, r7, lsl #7
 8000e00:	0e7f      	lsrs	r7, r7, #25
 8000e02:	ea47 17c1 	orr.w	r7, r7, r1, lsl #7
            Ama ^= Da;
 8000e06:	9901      	ldr	r1, [sp, #4]
 8000e08:	9e28      	ldr	r6, [sp, #160]	@ 0xa0
 8000e0a:	f8dd e0a4 	ldr.w	lr, [sp, #164]	@ 0xa4
            BCo = ROL(Ama, 41);
            Ase ^= De;
 8000e0e:	f8dd 90d4 	ldr.w	r9, [sp, #212]	@ 0xd4
            Ama ^= Da;
 8000e12:	4071      	eors	r1, r6
 8000e14:	9e02      	ldr	r6, [sp, #8]
            BCo = ROL(Ama, 41);
 8000e16:	ea4f 58d1 	mov.w	r8, r1, lsr #23
            Ama ^= Da;
 8000e1a:	ea86 060e 	eor.w	r6, r6, lr
            BCo = ROL(Ama, 41);
 8000e1e:	ea48 2846 	orr.w	r8, r8, r6, lsl #9
 8000e22:	0df6      	lsrs	r6, r6, #23
            Ase ^= De;
 8000e24:	f8dd e0d0 	ldr.w	lr, [sp, #208]	@ 0xd0
            BCo = ROL(Ama, 41);
 8000e28:	ea46 2641 	orr.w	r6, r6, r1, lsl #9
            Ase ^= De;
 8000e2c:	9903      	ldr	r1, [sp, #12]
 8000e2e:	ea81 010e 	eor.w	r1, r1, lr
 8000e32:	f8dd e010 	ldr.w	lr, [sp, #16]
 8000e36:	ea8e 0909 	eor.w	r9, lr, r9
            BCu = ROL(Ase,  2);
 8000e3a:	ea4f 0e89 	mov.w	lr, r9, lsl #2
 8000e3e:	ea4e 7e91 	orr.w	lr, lr, r1, lsr #30
            Esa =   BCa ^((~BCe)&  BCi );
 8000e42:	ea2c 0a03 	bic.w	sl, ip, r3
            BCu = ROL(Ase,  2);
 8000e46:	0089      	lsls	r1, r1, #2
 8000e48:	ea41 7199 	orr.w	r1, r1, r9, lsr #30
            Esa =   BCa ^((~BCe)&  BCi );
 8000e4c:	ea8a 0a05 	eor.w	sl, sl, r5
 8000e50:	ea27 0902 	bic.w	r9, r7, r2
 8000e54:	f8cd a098 	str.w	sl, [sp, #152]	@ 0x98
 8000e58:	ea89 0904 	eor.w	r9, r9, r4
            Ese =   BCe ^((~BCi)&  BCo );
 8000e5c:	ea28 0a0c 	bic.w	sl, r8, ip
            Esa =   BCa ^((~BCe)&  BCi );
 8000e60:	f8cd 909c 	str.w	r9, [sp, #156]	@ 0x9c
            Ese =   BCe ^((~BCi)&  BCo );
 8000e64:	ea8a 0a03 	eor.w	sl, sl, r3
 8000e68:	ea26 0907 	bic.w	r9, r6, r7
            Esi =   BCi ^((~BCo)&  BCu );
            Eso =   BCo ^((~BCu)&  BCa );
            Esu =   BCu ^((~BCa)&  BCe );
 8000e6c:	ea23 0305 	bic.w	r3, r3, r5
            Ese =   BCe ^((~BCi)&  BCo );
 8000e70:	ea89 0902 	eor.w	r9, r9, r2
            Esu =   BCu ^((~BCa)&  BCe );
 8000e74:	404b      	eors	r3, r1
 8000e76:	ea22 0204 	bic.w	r2, r2, r4
 8000e7a:	930e      	str	r3, [sp, #56]	@ 0x38
 8000e7c:	ea82 030e 	eor.w	r3, r2, lr
            Ese =   BCe ^((~BCi)&  BCo );
 8000e80:	f8cd a0d0 	str.w	sl, [sp, #208]	@ 0xd0

            //    prepareTheta
            BCa = Eba^Ega^Eka^Ema^Esa;
 8000e84:	9a2a      	ldr	r2, [sp, #168]	@ 0xa8
            Ese =   BCe ^((~BCi)&  BCo );
 8000e86:	f8cd 90d4 	str.w	r9, [sp, #212]	@ 0xd4
            Esi =   BCi ^((~BCo)&  BCu );
 8000e8a:	ea21 0a08 	bic.w	sl, r1, r8
 8000e8e:	ea2e 0906 	bic.w	r9, lr, r6
            Esu =   BCu ^((~BCa)&  BCe );
 8000e92:	930f      	str	r3, [sp, #60]	@ 0x3c
            BCa = Eba^Ega^Eka^Ema^Esa;
 8000e94:	9b0a      	ldr	r3, [sp, #40]	@ 0x28
            Esi =   BCi ^((~BCo)&  BCu );
 8000e96:	ea8a 0c0c 	eor.w	ip, sl, ip
 8000e9a:	ea89 0707 	eor.w	r7, r9, r7
 8000e9e:	f8cd c068 	str.w	ip, [sp, #104]	@ 0x68
 8000ea2:	971b      	str	r7, [sp, #108]	@ 0x6c
            Eso =   BCo ^((~BCu)&  BCa );
 8000ea4:	ea25 0c01 	bic.w	ip, r5, r1
 8000ea8:	ea24 070e 	bic.w	r7, r4, lr
            BCa = Eba^Ega^Eka^Ema^Esa;
 8000eac:	992b      	ldr	r1, [sp, #172]	@ 0xac
 8000eae:	405a      	eors	r2, r3
 8000eb0:	9b0b      	ldr	r3, [sp, #44]	@ 0x2c
            Eso =   BCo ^((~BCu)&  BCa );
 8000eb2:	407e      	eors	r6, r7
 8000eb4:	9629      	str	r6, [sp, #164]	@ 0xa4
            BCa = Eba^Ega^Eka^Ema^Esa;
 8000eb6:	ea83 0601 	eor.w	r6, r3, r1
 8000eba:	9918      	ldr	r1, [sp, #96]	@ 0x60
            BCe = Ebe^Ege^Eke^Eme^Ese;
 8000ebc:	9b22      	ldr	r3, [sp, #136]	@ 0x88
            BCa = Eba^Ega^Eka^Ema^Esa;
 8000ebe:	404a      	eors	r2, r1
 8000ec0:	9919      	ldr	r1, [sp, #100]	@ 0x64
 8000ec2:	404e      	eors	r6, r1
 8000ec4:	9938      	ldr	r1, [sp, #224]	@ 0xe0
 8000ec6:	404a      	eors	r2, r1
 8000ec8:	9939      	ldr	r1, [sp, #228]	@ 0xe4
 8000eca:	404e      	eors	r6, r1
 8000ecc:	9926      	ldr	r1, [sp, #152]	@ 0x98
 8000ece:	404a      	eors	r2, r1
 8000ed0:	9927      	ldr	r1, [sp, #156]	@ 0x9c
 8000ed2:	404e      	eors	r6, r1
            BCe = Ebe^Ege^Eke^Eme^Ese;
 8000ed4:	9910      	ldr	r1, [sp, #64]	@ 0x40
 8000ed6:	ea83 0901 	eor.w	r9, r3, r1
 8000eda:	9911      	ldr	r1, [sp, #68]	@ 0x44
 8000edc:	9b23      	ldr	r3, [sp, #140]	@ 0x8c
            Eso =   BCo ^((~BCu)&  BCa );
 8000ede:	ea8c 0c08 	eor.w	ip, ip, r8
 8000ee2:	f8cd c0a0 	str.w	ip, [sp, #160]	@ 0xa0
            BCe = Ebe^Ege^Eke^Eme^Ese;
 8000ee6:	ea83 0801 	eor.w	r8, r3, r1
 8000eea:	9b30      	ldr	r3, [sp, #192]	@ 0xc0
            BCi = Ebi^Egi^Eki^Emi^Esi;
 8000eec:	991e      	ldr	r1, [sp, #120]	@ 0x78
            BCo = Ebo^Ego^Eko^Emo^Eso;
            BCu = Ebu^Egu^Eku^Emu^Esu;
 8000eee:	f8dd e0cc 	ldr.w	lr, [sp, #204]	@ 0xcc
            BCe = Ebe^Ege^Eke^Eme^Ese;
 8000ef2:	ea89 0903 	eor.w	r9, r9, r3
 8000ef6:	9b31      	ldr	r3, [sp, #196]	@ 0xc4
 8000ef8:	ea88 0803 	eor.w	r8, r8, r3
 8000efc:	9b14      	ldr	r3, [sp, #80]	@ 0x50
 8000efe:	ea89 0903 	eor.w	r9, r9, r3
 8000f02:	9b15      	ldr	r3, [sp, #84]	@ 0x54
 8000f04:	ea88 0803 	eor.w	r8, r8, r3
 8000f08:	9b34      	ldr	r3, [sp, #208]	@ 0xd0
 8000f0a:	ea89 0903 	eor.w	r9, r9, r3
 8000f0e:	9b35      	ldr	r3, [sp, #212]	@ 0xd4
 8000f10:	ea88 0803 	eor.w	r8, r8, r3
            BCi = Ebi^Egi^Eki^Emi^Esi;
 8000f14:	9b3a      	ldr	r3, [sp, #232]	@ 0xe8
 8000f16:	ea83 0c01 	eor.w	ip, r3, r1
 8000f1a:	9b3b      	ldr	r3, [sp, #236]	@ 0xec
 8000f1c:	991f      	ldr	r1, [sp, #124]	@ 0x7c
 8000f1e:	ea83 0701 	eor.w	r7, r3, r1
 8000f22:	9b0c      	ldr	r3, [sp, #48]	@ 0x30
 8000f24:	990d      	ldr	r1, [sp, #52]	@ 0x34
 8000f26:	ea8c 0c03 	eor.w	ip, ip, r3
 8000f2a:	404f      	eors	r7, r1
 8000f2c:	9b2c      	ldr	r3, [sp, #176]	@ 0xb0
 8000f2e:	992d      	ldr	r1, [sp, #180]	@ 0xb4
 8000f30:	ea8c 0c03 	eor.w	ip, ip, r3
 8000f34:	404f      	eors	r7, r1
 8000f36:	9b1a      	ldr	r3, [sp, #104]	@ 0x68
 8000f38:	991b      	ldr	r1, [sp, #108]	@ 0x6c
 8000f3a:	ea8c 0c03 	eor.w	ip, ip, r3
 8000f3e:	404f      	eors	r7, r1
            BCo = Ebo^Ego^Eko^Emo^Eso;
 8000f40:	9b16      	ldr	r3, [sp, #88]	@ 0x58
 8000f42:	9936      	ldr	r1, [sp, #216]	@ 0xd8
 8000f44:	ea83 0501 	eor.w	r5, r3, r1
 8000f48:	9b17      	ldr	r3, [sp, #92]	@ 0x5c
 8000f4a:	9937      	ldr	r1, [sp, #220]	@ 0xdc
 8000f4c:	ea83 0401 	eor.w	r4, r3, r1
 8000f50:	9924      	ldr	r1, [sp, #144]	@ 0x90
            BCu = Ebu^Egu^Eku^Emu^Esu;
 8000f52:	9b1c      	ldr	r3, [sp, #112]	@ 0x70
            BCo = Ebo^Ego^Eko^Emo^Eso;
 8000f54:	404d      	eors	r5, r1
 8000f56:	9925      	ldr	r1, [sp, #148]	@ 0x94
 8000f58:	404c      	eors	r4, r1
 8000f5a:	9912      	ldr	r1, [sp, #72]	@ 0x48
 8000f5c:	404d      	eors	r5, r1
 8000f5e:	9913      	ldr	r1, [sp, #76]	@ 0x4c
 8000f60:	404c      	eors	r4, r1
 8000f62:	9928      	ldr	r1, [sp, #160]	@ 0xa0
 8000f64:	404d      	eors	r5, r1
 8000f66:	9929      	ldr	r1, [sp, #164]	@ 0xa4
 8000f68:	404c      	eors	r4, r1
            BCu = Ebu^Egu^Eku^Emu^Esu;
 8000f6a:	9932      	ldr	r1, [sp, #200]	@ 0xc8
 8000f6c:	4059      	eors	r1, r3
 8000f6e:	9b1d      	ldr	r3, [sp, #116]	@ 0x74
 8000f70:	ea83 0e0e 	eor.w	lr, r3, lr
 8000f74:	9b2e      	ldr	r3, [sp, #184]	@ 0xb8
 8000f76:	4059      	eors	r1, r3
 8000f78:	9b2f      	ldr	r3, [sp, #188]	@ 0xbc
 8000f7a:	ea8e 0e03 	eor.w	lr, lr, r3
 8000f7e:	9b20      	ldr	r3, [sp, #128]	@ 0x80
 8000f80:	4059      	eors	r1, r3
 8000f82:	9b21      	ldr	r3, [sp, #132]	@ 0x84
 8000f84:	ea8e 0e03 	eor.w	lr, lr, r3
 8000f88:	9b0e      	ldr	r3, [sp, #56]	@ 0x38

            //thetaRhoPiChiIotaPrepareTheta(round+1, E, A)
            Da = BCu^ROL(BCe, 1);
 8000f8a:	ea4f 0b49 	mov.w	fp, r9, lsl #1
            BCu = Ebu^Egu^Eku^Emu^Esu;
 8000f8e:	4059      	eors	r1, r3
 8000f90:	9b0f      	ldr	r3, [sp, #60]	@ 0x3c
            Da = BCu^ROL(BCe, 1);
 8000f92:	ea4b 7bd8 	orr.w	fp, fp, r8, lsr #31
 8000f96:	ea4f 0a48 	mov.w	sl, r8, lsl #1
            BCu = Ebu^Egu^Eku^Emu^Esu;
 8000f9a:	ea8e 0e03 	eor.w	lr, lr, r3
            Da = BCu^ROL(BCe, 1);
 8000f9e:	ea4a 7ad9 	orr.w	sl, sl, r9, lsr #31
 8000fa2:	ea8b 0301 	eor.w	r3, fp, r1
            De = BCa^ROL(BCi, 1);
 8000fa6:	ea4f 0b4c 	mov.w	fp, ip, lsl #1
            Da = BCu^ROL(BCe, 1);
 8000faa:	9301      	str	r3, [sp, #4]
            De = BCa^ROL(BCi, 1);
 8000fac:	ea4b 7bd7 	orr.w	fp, fp, r7, lsr #31
            Da = BCu^ROL(BCe, 1);
 8000fb0:	ea8a 030e 	eor.w	r3, sl, lr
            De = BCa^ROL(BCi, 1);
 8000fb4:	ea4f 0a47 	mov.w	sl, r7, lsl #1
            Da = BCu^ROL(BCe, 1);
 8000fb8:	9302      	str	r3, [sp, #8]
            De = BCa^ROL(BCi, 1);
 8000fba:	ea4a 7adc 	orr.w	sl, sl, ip, lsr #31
 8000fbe:	ea8b 0302 	eor.w	r3, fp, r2
 8000fc2:	9303      	str	r3, [sp, #12]
 8000fc4:	ea8a 0306 	eor.w	r3, sl, r6
            Di = BCe^ROL(BCo, 1);
 8000fc8:	ea4f 0a44 	mov.w	sl, r4, lsl #1
 8000fcc:	ea4a 7ad5 	orr.w	sl, sl, r5, lsr #31
            De = BCa^ROL(BCi, 1);
 8000fd0:	9304      	str	r3, [sp, #16]
            Di = BCe^ROL(BCo, 1);
 8000fd2:	ea8a 0308 	eor.w	r3, sl, r8
            Do = BCi^ROL(BCu, 1);
 8000fd6:	ea4f 084e 	mov.w	r8, lr, lsl #1
 8000fda:	ea48 78d1 	orr.w	r8, r8, r1, lsr #31
 8000fde:	0049      	lsls	r1, r1, #1
 8000fe0:	ea41 71de 	orr.w	r1, r1, lr, lsr #31
            Di = BCe^ROL(BCo, 1);
 8000fe4:	9305      	str	r3, [sp, #20]
            Do = BCi^ROL(BCu, 1);
 8000fe6:	ea81 030c 	eor.w	r3, r1, ip
            Du = BCo^ROL(BCa, 1);
 8000fea:	0071      	lsls	r1, r6, #1
 8000fec:	ea41 71d2 	orr.w	r1, r1, r2, lsr #31
 8000ff0:	0052      	lsls	r2, r2, #1
            Do = BCi^ROL(BCu, 1);
 8000ff2:	9306      	str	r3, [sp, #24]
            Du = BCo^ROL(BCa, 1);
 8000ff4:	ea42 72d6 	orr.w	r2, r2, r6, lsr #31
            Do = BCi^ROL(BCu, 1);
 8000ff8:	ea88 0307 	eor.w	r3, r8, r7
 8000ffc:	9307      	str	r3, [sp, #28]
            Du = BCo^ROL(BCa, 1);
 8000ffe:	ea82 0305 	eor.w	r3, r2, r5
 8001002:	9308      	str	r3, [sp, #32]
 8001004:	ea81 0304 	eor.w	r3, r1, r4

            Eba ^= Da;
 8001008:	9a01      	ldr	r2, [sp, #4]
            Du = BCo^ROL(BCa, 1);
 800100a:	9309      	str	r3, [sp, #36]	@ 0x24
            Di = BCe^ROL(BCo, 1);
 800100c:	ea4f 0b45 	mov.w	fp, r5, lsl #1
            Eba ^= Da;
 8001010:	9b0a      	ldr	r3, [sp, #40]	@ 0x28
            BCa = Eba;
            Ege ^= De;
            BCe = ROL(Ege, 44);
            Eki ^= Di;
            BCi = ROL(Eki, 43);
            Emo ^= Do;
 8001012:	9e07      	ldr	r6, [sp, #28]
            BCo = ROL(Emo, 21);
            Esu ^= Du;
 8001014:	9f09      	ldr	r7, [sp, #36]	@ 0x24
            Di = BCe^ROL(BCo, 1);
 8001016:	ea4b 7bd4 	orr.w	fp, fp, r4, lsr #31
 800101a:	ea8b 0b09 	eor.w	fp, fp, r9
            Eba ^= Da;
 800101e:	ea83 0902 	eor.w	r9, r3, r2
 8001022:	9b0b      	ldr	r3, [sp, #44]	@ 0x2c
 8001024:	9a02      	ldr	r2, [sp, #8]
            Eki ^= Di;
 8001026:	9c05      	ldr	r4, [sp, #20]
            Eba ^= Da;
 8001028:	ea83 0a02 	eor.w	sl, r3, r2
            Ege ^= De;
 800102c:	9b10      	ldr	r3, [sp, #64]	@ 0x40
 800102e:	9a03      	ldr	r2, [sp, #12]
 8001030:	ea83 0102 	eor.w	r1, r3, r2
 8001034:	9b11      	ldr	r3, [sp, #68]	@ 0x44
 8001036:	9a04      	ldr	r2, [sp, #16]
            BCe = ROL(Ege, 44);
 8001038:	0d0d      	lsrs	r5, r1, #20
            Ege ^= De;
 800103a:	405a      	eors	r2, r3
            Eki ^= Di;
 800103c:	9b0c      	ldr	r3, [sp, #48]	@ 0x30
            BCe = ROL(Ege, 44);
 800103e:	ea45 3502 	orr.w	r5, r5, r2, lsl #12
 8001042:	0d12      	lsrs	r2, r2, #20
 8001044:	ea42 3201 	orr.w	r2, r2, r1, lsl #12
            Eki ^= Di;
 8001048:	ea83 010b 	eor.w	r1, r3, fp
 800104c:	9b0d      	ldr	r3, [sp, #52]	@ 0x34
            BCi = ROL(Eki, 43);
 800104e:	ea4f 5851 	mov.w	r8, r1, lsr #21
            Eki ^= Di;
 8001052:	405c      	eors	r4, r3
            BCi = ROL(Eki, 43);
 8001054:	ea48 28c4 	orr.w	r8, r8, r4, lsl #11
 8001058:	0d64      	lsrs	r4, r4, #21
 800105a:	ea44 24c1 	orr.w	r4, r4, r1, lsl #11
            Emo ^= Do;
 800105e:	9b12      	ldr	r3, [sp, #72]	@ 0x48
 8001060:	9906      	ldr	r1, [sp, #24]
 8001062:	4059      	eors	r1, r3
 8001064:	9b13      	ldr	r3, [sp, #76]	@ 0x4c
 8001066:	405e      	eors	r6, r3
            BCo = ROL(Emo, 21);
 8001068:	ea4f 5e46 	mov.w	lr, r6, lsl #21
 800106c:	ea4e 2ed1 	orr.w	lr, lr, r1, lsr #11
 8001070:	0549      	lsls	r1, r1, #21
 8001072:	ea41 21d6 	orr.w	r1, r1, r6, lsr #11
            Esu ^= Du;
 8001076:	9b08      	ldr	r3, [sp, #32]
 8001078:	9e0e      	ldr	r6, [sp, #56]	@ 0x38
 800107a:	405e      	eors	r6, r3
 800107c:	4633      	mov	r3, r6
 800107e:	9e0f      	ldr	r6, [sp, #60]	@ 0x3c
 8001080:	407e      	eors	r6, r7
            BCu = ROL(Esu, 14);
 8001082:	ea4f 3c86 	mov.w	ip, r6, lsl #14
 8001086:	ea4c 4c93 	orr.w	ip, ip, r3, lsr #18
 800108a:	039b      	lsls	r3, r3, #14
 800108c:	ea43 4396 	orr.w	r3, r3, r6, lsr #18
            Aba =   BCa ^((~BCe)&  BCi );
            Aba ^= (uint64_t)KeccakF_RoundConstants[round+1];
 8001090:	9e00      	ldr	r6, [sp, #0]
 8001092:	e9d6 7602 	ldrd	r7, r6, [r6, #8]
 8001096:	ea8a 0606 	eor.w	r6, sl, r6
 800109a:	960b      	str	r6, [sp, #44]	@ 0x2c
 800109c:	ea89 0707 	eor.w	r7, r9, r7
 80010a0:	ea28 0605 	bic.w	r6, r8, r5
 80010a4:	407e      	eors	r6, r7
 80010a6:	9f0b      	ldr	r7, [sp, #44]	@ 0x2c
 80010a8:	960a      	str	r6, [sp, #40]	@ 0x28
 80010aa:	ea24 0602 	bic.w	r6, r4, r2
 80010ae:	4077      	eors	r7, r6
            Abe =   BCe ^((~BCi)&  BCo );
 80010b0:	ea2e 0604 	bic.w	r6, lr, r4
 80010b4:	4056      	eors	r6, r2
            Aba ^= (uint64_t)KeccakF_RoundConstants[round+1];
 80010b6:	970b      	str	r7, [sp, #44]	@ 0x2c
            Abe =   BCe ^((~BCi)&  BCo );
 80010b8:	ea21 0708 	bic.w	r7, r1, r8
 80010bc:	406f      	eors	r7, r5
 80010be:	960d      	str	r6, [sp, #52]	@ 0x34
            Abi =   BCi ^((~BCo)&  BCu );
            Abo =   BCo ^((~BCu)&  BCa );
            Abu =   BCu ^((~BCa)&  BCe );
 80010c0:	ea25 0509 	bic.w	r5, r5, r9
            Abi =   BCi ^((~BCo)&  BCu );
 80010c4:	ea2c 060e 	bic.w	r6, ip, lr
 80010c8:	4074      	eors	r4, r6
            Abu =   BCu ^((~BCa)&  BCe );
 80010ca:	ea22 020a 	bic.w	r2, r2, sl
            Abo =   BCo ^((~BCu)&  BCa );
 80010ce:	ea29 0603 	bic.w	r6, r9, r3
            Abe =   BCe ^((~BCi)&  BCo );
 80010d2:	970c      	str	r7, [sp, #48]	@ 0x30
            Abi =   BCi ^((~BCo)&  BCu );
 80010d4:	ea23 0701 	bic.w	r7, r3, r1
            Abu =   BCu ^((~BCa)&  BCe );
 80010d8:	406b      	eors	r3, r5
 80010da:	9312      	str	r3, [sp, #72]	@ 0x48
 80010dc:	ea82 030c 	eor.w	r3, r2, ip
            Abo =   BCo ^((~BCu)&  BCa );
 80010e0:	4071      	eors	r1, r6

            Ebo ^= Do;
 80010e2:	9a06      	ldr	r2, [sp, #24]
            Abi =   BCi ^((~BCo)&  BCu );
 80010e4:	940f      	str	r4, [sp, #60]	@ 0x3c
            Abu =   BCu ^((~BCa)&  BCe );
 80010e6:	9313      	str	r3, [sp, #76]	@ 0x4c
            Abo =   BCo ^((~BCu)&  BCa );
 80010e8:	ea2a 040c 	bic.w	r4, sl, ip
            Ebo ^= Do;
 80010ec:	9b16      	ldr	r3, [sp, #88]	@ 0x58
            Abo =   BCo ^((~BCu)&  BCa );
 80010ee:	9110      	str	r1, [sp, #64]	@ 0x40
 80010f0:	ea84 010e 	eor.w	r1, r4, lr
 80010f4:	9111      	str	r1, [sp, #68]	@ 0x44
            Ebo ^= Do;
 80010f6:	ea83 0102 	eor.w	r1, r3, r2
 80010fa:	9a07      	ldr	r2, [sp, #28]
 80010fc:	9b17      	ldr	r3, [sp, #92]	@ 0x5c
            BCa = ROL(Ebo, 28);
            Egu ^= Du;
 80010fe:	9c09      	ldr	r4, [sp, #36]	@ 0x24
            Ebo ^= Do;
 8001100:	4053      	eors	r3, r2
            BCa = ROL(Ebo, 28);
 8001102:	ea4f 7c03 	mov.w	ip, r3, lsl #28
 8001106:	ea4c 1c11 	orr.w	ip, ip, r1, lsr #4
 800110a:	0709      	lsls	r1, r1, #28
 800110c:	ea41 1113 	orr.w	r1, r1, r3, lsr #4
            Egu ^= Du;
 8001110:	9a08      	ldr	r2, [sp, #32]
 8001112:	9b1c      	ldr	r3, [sp, #112]	@ 0x70
 8001114:	4053      	eors	r3, r2
 8001116:	9a1d      	ldr	r2, [sp, #116]	@ 0x74
 8001118:	4062      	eors	r2, r4
            BCe = ROL(Egu, 20);
 800111a:	0516      	lsls	r6, r2, #20
 800111c:	ea46 3613 	orr.w	r6, r6, r3, lsr #12
 8001120:	051b      	lsls	r3, r3, #20
 8001122:	ea43 3312 	orr.w	r3, r3, r2, lsr #12
            Eka ^= Da;
 8001126:	9c01      	ldr	r4, [sp, #4]
 8001128:	9a18      	ldr	r2, [sp, #96]	@ 0x60
 800112a:	ea82 0504 	eor.w	r5, r2, r4
 800112e:	9c02      	ldr	r4, [sp, #8]
 8001130:	9a19      	ldr	r2, [sp, #100]	@ 0x64
 8001132:	4062      	eors	r2, r4
            Abi =   BCi ^((~BCo)&  BCu );
 8001134:	ea87 0708 	eor.w	r7, r7, r8
            BCi = ROL(Eka, 3);
 8001138:	ea4f 08c2 	mov.w	r8, r2, lsl #3
 800113c:	ea48 7855 	orr.w	r8, r8, r5, lsr #29
 8001140:	00ed      	lsls	r5, r5, #3
 8001142:	ea45 7552 	orr.w	r5, r5, r2, lsr #29
            Eme ^= De;
 8001146:	9c03      	ldr	r4, [sp, #12]
 8001148:	9a14      	ldr	r2, [sp, #80]	@ 0x50
            Abi =   BCi ^((~BCo)&  BCu );
 800114a:	970e      	str	r7, [sp, #56]	@ 0x38
            Eme ^= De;
 800114c:	4062      	eors	r2, r4
 800114e:	9f04      	ldr	r7, [sp, #16]
 8001150:	9c15      	ldr	r4, [sp, #84]	@ 0x54
            BCo = ROL(Eme, 45);
 8001152:	ea4f 4ed2 	mov.w	lr, r2, lsr #19
            Eme ^= De;
 8001156:	407c      	eors	r4, r7
            BCo = ROL(Eme, 45);
 8001158:	ea4e 3e44 	orr.w	lr, lr, r4, lsl #13
 800115c:	0ce4      	lsrs	r4, r4, #19
 800115e:	ea44 3442 	orr.w	r4, r4, r2, lsl #13
            Esi ^= Di;
 8001162:	9a1a      	ldr	r2, [sp, #104]	@ 0x68
 8001164:	ea82 090b 	eor.w	r9, r2, fp
 8001168:	9a1b      	ldr	r2, [sp, #108]	@ 0x6c
 800116a:	9f05      	ldr	r7, [sp, #20]
 800116c:	407a      	eors	r2, r7
            BCu = ROL(Esi, 61);
 800116e:	ea4f 07d9 	mov.w	r7, r9, lsr #3
 8001172:	ea47 7742 	orr.w	r7, r7, r2, lsl #29
            Aga =   BCa ^((~BCe)&  BCi );
 8001176:	ea25 0a03 	bic.w	sl, r5, r3
            BCu = ROL(Esi, 61);
 800117a:	08d2      	lsrs	r2, r2, #3
 800117c:	ea42 7249 	orr.w	r2, r2, r9, lsl #29
            Aga =   BCa ^((~BCe)&  BCi );
 8001180:	ea8a 0a01 	eor.w	sl, sl, r1
 8001184:	ea28 0906 	bic.w	r9, r8, r6
 8001188:	ea89 090c 	eor.w	r9, r9, ip
 800118c:	f8cd a050 	str.w	sl, [sp, #80]	@ 0x50
            Age =   BCe ^((~BCi)&  BCo );
 8001190:	ea2e 0a05 	bic.w	sl, lr, r5
 8001194:	ea8a 0a03 	eor.w	sl, sl, r3
            Aga =   BCa ^((~BCe)&  BCi );
 8001198:	f8cd 9054 	str.w	r9, [sp, #84]	@ 0x54
            Age =   BCe ^((~BCi)&  BCo );
 800119c:	ea24 0908 	bic.w	r9, r4, r8
 80011a0:	ea89 0906 	eor.w	r9, r9, r6
 80011a4:	f8cd a058 	str.w	sl, [sp, #88]	@ 0x58
            Agi =   BCi ^((~BCo)&  BCu );
            Ago =   BCo ^((~BCu)&  BCa );
            Agu =   BCu ^((~BCa)&  BCe );
 80011a8:	ea23 0301 	bic.w	r3, r3, r1
            Agi =   BCi ^((~BCo)&  BCu );
 80011ac:	ea27 0a0e 	bic.w	sl, r7, lr
 80011b0:	ea8a 0505 	eor.w	r5, sl, r5
            Agu =   BCu ^((~BCa)&  BCe );
 80011b4:	ea26 060c 	bic.w	r6, r6, ip
 80011b8:	407b      	eors	r3, r7
            Age =   BCe ^((~BCi)&  BCo );
 80011ba:	f8cd 905c 	str.w	r9, [sp, #92]	@ 0x5c
            Agi =   BCi ^((~BCo)&  BCu );
 80011be:	ea22 0904 	bic.w	r9, r2, r4
 80011c2:	9518      	str	r5, [sp, #96]	@ 0x60
            Agu =   BCu ^((~BCa)&  BCe );
 80011c4:	931c      	str	r3, [sp, #112]	@ 0x70
            Agi =   BCi ^((~BCo)&  BCu );
 80011c6:	ea89 0508 	eor.w	r5, r9, r8
            Agu =   BCu ^((~BCa)&  BCe );
 80011ca:	ea86 0302 	eor.w	r3, r6, r2
            Agi =   BCi ^((~BCo)&  BCu );
 80011ce:	9519      	str	r5, [sp, #100]	@ 0x64
            Agu =   BCu ^((~BCa)&  BCe );
 80011d0:	931d      	str	r3, [sp, #116]	@ 0x74
            Ago =   BCo ^((~BCu)&  BCa );
 80011d2:	ea2c 0502 	bic.w	r5, ip, r2

            Ebe ^= De;
 80011d6:	9b22      	ldr	r3, [sp, #136]	@ 0x88
 80011d8:	9a03      	ldr	r2, [sp, #12]
            BCe = ROL(Egi, 6);
            Eko ^= Do;
            BCi = ROL(Eko, 25);
            Emu ^= Du;
            BCo = ROL(Emu, 8);
            Esa ^= Da;
 80011da:	f8dd 9008 	ldr.w	r9, [sp, #8]
            Ago =   BCo ^((~BCu)&  BCa );
 80011de:	ea21 0807 	bic.w	r8, r1, r7
            Ebe ^= De;
 80011e2:	ea83 0102 	eor.w	r1, r3, r2
 80011e6:	9a04      	ldr	r2, [sp, #16]
 80011e8:	9b23      	ldr	r3, [sp, #140]	@ 0x8c
            Emu ^= Du;
 80011ea:	9f09      	ldr	r7, [sp, #36]	@ 0x24
            Ebe ^= De;
 80011ec:	4053      	eors	r3, r2
            Ago =   BCo ^((~BCu)&  BCa );
 80011ee:	406c      	eors	r4, r5
            BCa = ROL(Ebe, 1);
 80011f0:	ea4f 0c43 	mov.w	ip, r3, lsl #1
 80011f4:	ea4c 7cd1 	orr.w	ip, ip, r1, lsr #31
            Egi ^= Di;
 80011f8:	9a1f      	ldr	r2, [sp, #124]	@ 0x7c
            Ago =   BCo ^((~BCu)&  BCa );
 80011fa:	941b      	str	r4, [sp, #108]	@ 0x6c
            BCa = ROL(Ebe, 1);
 80011fc:	0049      	lsls	r1, r1, #1
            Egi ^= Di;
 80011fe:	9c05      	ldr	r4, [sp, #20]
            BCa = ROL(Ebe, 1);
 8001200:	ea41 71d3 	orr.w	r1, r1, r3, lsr #31
            Egi ^= Di;
 8001204:	9b1e      	ldr	r3, [sp, #120]	@ 0x78
 8001206:	4062      	eors	r2, r4
 8001208:	ea83 030b 	eor.w	r3, r3, fp
            BCe = ROL(Egi, 6);
 800120c:	0196      	lsls	r6, r2, #6
 800120e:	ea46 6693 	orr.w	r6, r6, r3, lsr #26
 8001212:	019b      	lsls	r3, r3, #6
 8001214:	ea43 6392 	orr.w	r3, r3, r2, lsr #26
            Eko ^= Do;
 8001218:	9c06      	ldr	r4, [sp, #24]
 800121a:	9a24      	ldr	r2, [sp, #144]	@ 0x90
 800121c:	ea82 0504 	eor.w	r5, r2, r4
 8001220:	9c07      	ldr	r4, [sp, #28]
 8001222:	9a25      	ldr	r2, [sp, #148]	@ 0x94
 8001224:	4062      	eors	r2, r4
            Ago =   BCo ^((~BCu)&  BCa );
 8001226:	ea88 0e0e 	eor.w	lr, r8, lr
            BCi = ROL(Eko, 25);
 800122a:	ea4f 6842 	mov.w	r8, r2, lsl #25
 800122e:	ea48 18d5 	orr.w	r8, r8, r5, lsr #7
 8001232:	066d      	lsls	r5, r5, #25
 8001234:	ea45 15d2 	orr.w	r5, r5, r2, lsr #7
            Emu ^= Du;
 8001238:	9c08      	ldr	r4, [sp, #32]
 800123a:	9a20      	ldr	r2, [sp, #128]	@ 0x80
            Ago =   BCo ^((~BCu)&  BCa );
 800123c:	f8cd e068 	str.w	lr, [sp, #104]	@ 0x68
            Emu ^= Du;
 8001240:	4054      	eors	r4, r2
 8001242:	9a21      	ldr	r2, [sp, #132]	@ 0x84
 8001244:	407a      	eors	r2, r7
            BCo = ROL(Emu, 8);
 8001246:	ea4f 2e02 	mov.w	lr, r2, lsl #8
 800124a:	ea4e 6e14 	orr.w	lr, lr, r4, lsr #24
 800124e:	0224      	lsls	r4, r4, #8
 8001250:	ea44 6412 	orr.w	r4, r4, r2, lsr #24
            Esa ^= Da;
 8001254:	9f01      	ldr	r7, [sp, #4]
 8001256:	9a26      	ldr	r2, [sp, #152]	@ 0x98
 8001258:	407a      	eors	r2, r7
 800125a:	9f27      	ldr	r7, [sp, #156]	@ 0x9c
 800125c:	ea87 0909 	eor.w	r9, r7, r9
            BCu = ROL(Esa, 18);
 8001260:	ea4f 4789 	mov.w	r7, r9, lsl #18
 8001264:	ea47 3792 	orr.w	r7, r7, r2, lsr #14
            Aka =   BCa ^((~BCe)&  BCi );
 8001268:	ea25 0a03 	bic.w	sl, r5, r3
            BCu = ROL(Esa, 18);
 800126c:	0492      	lsls	r2, r2, #18
 800126e:	ea42 3299 	orr.w	r2, r2, r9, lsr #14
            Aka =   BCa ^((~BCe)&  BCi );
 8001272:	ea8a 0a01 	eor.w	sl, sl, r1
 8001276:	ea28 0906 	bic.w	r9, r8, r6
 800127a:	ea89 090c 	eor.w	r9, r9, ip
 800127e:	f8cd a078 	str.w	sl, [sp, #120]	@ 0x78
            Ake =   BCe ^((~BCi)&  BCo );
 8001282:	ea24 0a05 	bic.w	sl, r4, r5
            Aka =   BCa ^((~BCe)&  BCi );
 8001286:	f8cd 907c 	str.w	r9, [sp, #124]	@ 0x7c
            Ake =   BCe ^((~BCi)&  BCo );
 800128a:	ea8a 0a03 	eor.w	sl, sl, r3
 800128e:	ea2e 0908 	bic.w	r9, lr, r8
            Aki =   BCi ^((~BCo)&  BCu );
            Ako =   BCo ^((~BCu)&  BCa );
            Aku =   BCu ^((~BCa)&  BCe );
 8001292:	ea23 0301 	bic.w	r3, r3, r1
            Ake =   BCe ^((~BCi)&  BCo );
 8001296:	ea89 0906 	eor.w	r9, r9, r6
            Aku =   BCu ^((~BCa)&  BCe );
 800129a:	4053      	eors	r3, r2
 800129c:	ea26 060c 	bic.w	r6, r6, ip
            Ake =   BCe ^((~BCi)&  BCo );
 80012a0:	f8cd a080 	str.w	sl, [sp, #128]	@ 0x80
            Aki =   BCi ^((~BCo)&  BCu );
 80012a4:	ea22 0a04 	bic.w	sl, r2, r4
 80012a8:	ea8a 0505 	eor.w	r5, sl, r5
            Ake =   BCe ^((~BCi)&  BCo );
 80012ac:	f8cd 9084 	str.w	r9, [sp, #132]	@ 0x84
            Aku =   BCu ^((~BCa)&  BCe );
 80012b0:	9326      	str	r3, [sp, #152]	@ 0x98
            Aki =   BCi ^((~BCo)&  BCu );
 80012b2:	ea27 090e 	bic.w	r9, r7, lr
            Aku =   BCu ^((~BCa)&  BCe );
 80012b6:	ea86 0307 	eor.w	r3, r6, r7
            Aki =   BCi ^((~BCo)&  BCu );
 80012ba:	9522      	str	r5, [sp, #136]	@ 0x88
            Aku =   BCu ^((~BCa)&  BCe );
 80012bc:	9327      	str	r3, [sp, #156]	@ 0x9c
            Aki =   BCi ^((~BCo)&  BCu );
 80012be:	ea89 0508 	eor.w	r5, r9, r8

            Ebu ^= Du;
 80012c2:	9b2e      	ldr	r3, [sp, #184]	@ 0xb8
            Aki =   BCi ^((~BCo)&  BCu );
 80012c4:	9523      	str	r5, [sp, #140]	@ 0x8c
            Ako =   BCo ^((~BCu)&  BCa );
 80012c6:	ea21 0802 	bic.w	r8, r1, r2
            Ebu ^= Du;
 80012ca:	9a08      	ldr	r2, [sp, #32]
 80012cc:	ea83 0102 	eor.w	r1, r3, r2
 80012d0:	9a09      	ldr	r2, [sp, #36]	@ 0x24
 80012d2:	9b2f      	ldr	r3, [sp, #188]	@ 0xbc
 80012d4:	4053      	eors	r3, r2
            Ako =   BCo ^((~BCu)&  BCa );
 80012d6:	ea2c 0507 	bic.w	r5, ip, r7
            BCa = ROL(Ebu, 27);
 80012da:	ea4f 6cc3 	mov.w	ip, r3, lsl #27
 80012de:	ea4c 1c51 	orr.w	ip, ip, r1, lsr #5
 80012e2:	06c9      	lsls	r1, r1, #27
 80012e4:	ea41 1153 	orr.w	r1, r1, r3, lsr #5
            Ako =   BCo ^((~BCu)&  BCa );
 80012e8:	ea88 0404 	eor.w	r4, r8, r4
            Ega ^= Da;
 80012ec:	9b2a      	ldr	r3, [sp, #168]	@ 0xa8
 80012ee:	9a01      	ldr	r2, [sp, #4]
            Ako =   BCo ^((~BCu)&  BCa );
 80012f0:	9424      	str	r4, [sp, #144]	@ 0x90
 80012f2:	ea85 040e 	eor.w	r4, r5, lr
            Ega ^= Da;
 80012f6:	405a      	eors	r2, r3
            Ako =   BCo ^((~BCu)&  BCa );
 80012f8:	9425      	str	r4, [sp, #148]	@ 0x94
            Ega ^= Da;
 80012fa:	9b2b      	ldr	r3, [sp, #172]	@ 0xac
 80012fc:	9c02      	ldr	r4, [sp, #8]
            BCe = ROL(Ega, 36);
            Eke ^= De;
            BCi = ROL(Eke, 10);
            Emi ^= Di;
 80012fe:	9f05      	ldr	r7, [sp, #20]
            Ega ^= Da;
 8001300:	4063      	eors	r3, r4
            BCe = ROL(Ega, 36);
 8001302:	0f16      	lsrs	r6, r2, #28
 8001304:	ea46 1603 	orr.w	r6, r6, r3, lsl #4
 8001308:	0f1b      	lsrs	r3, r3, #28
 800130a:	ea43 1302 	orr.w	r3, r3, r2, lsl #4
            Eke ^= De;
 800130e:	9c03      	ldr	r4, [sp, #12]
 8001310:	9a30      	ldr	r2, [sp, #192]	@ 0xc0
 8001312:	ea82 0504 	eor.w	r5, r2, r4
 8001316:	9c04      	ldr	r4, [sp, #16]
 8001318:	9a31      	ldr	r2, [sp, #196]	@ 0xc4
 800131a:	4062      	eors	r2, r4
            BCi = ROL(Eke, 10);
 800131c:	ea4f 2882 	mov.w	r8, r2, lsl #10
 8001320:	ea48 5895 	orr.w	r8, r8, r5, lsr #22
 8001324:	02ad      	lsls	r5, r5, #10
 8001326:	ea45 5592 	orr.w	r5, r5, r2, lsr #22
            Emi ^= Di;
 800132a:	9a2c      	ldr	r2, [sp, #176]	@ 0xb0
 800132c:	ea82 040b 	eor.w	r4, r2, fp
 8001330:	9a2d      	ldr	r2, [sp, #180]	@ 0xb4
 8001332:	407a      	eors	r2, r7
            BCo = ROL(Emi, 15);
 8001334:	ea4f 3ec2 	mov.w	lr, r2, lsl #15
 8001338:	ea4e 4e54 	orr.w	lr, lr, r4, lsr #17
 800133c:	03e4      	lsls	r4, r4, #15
 800133e:	ea44 4452 	orr.w	r4, r4, r2, lsr #17
            Eso ^= Do;
 8001342:	9f06      	ldr	r7, [sp, #24]
 8001344:	9a28      	ldr	r2, [sp, #160]	@ 0xa0
 8001346:	ea82 0907 	eor.w	r9, r2, r7
 800134a:	9a29      	ldr	r2, [sp, #164]	@ 0xa4
 800134c:	9f07      	ldr	r7, [sp, #28]
 800134e:	407a      	eors	r2, r7
            BCu = ROL(Eso, 56);
 8001350:	ea4f 2719 	mov.w	r7, r9, lsr #8
 8001354:	ea47 6702 	orr.w	r7, r7, r2, lsl #24
            Ama =   BCa ^((~BCe)&  BCi );
 8001358:	ea25 0a06 	bic.w	sl, r5, r6
            BCu = ROL(Eso, 56);
 800135c:	0a12      	lsrs	r2, r2, #8
 800135e:	ea42 6209 	orr.w	r2, r2, r9, lsl #24
            Ama =   BCa ^((~BCe)&  BCi );
 8001362:	ea8a 0a01 	eor.w	sl, sl, r1
 8001366:	ea28 0903 	bic.w	r9, r8, r3
 800136a:	ea89 090c 	eor.w	r9, r9, ip
 800136e:	f8cd a0a0 	str.w	sl, [sp, #160]	@ 0xa0
            Ame =   BCe ^((~BCi)&  BCo );
 8001372:	ea24 0a05 	bic.w	sl, r4, r5
 8001376:	ea8a 0a06 	eor.w	sl, sl, r6
            Ama =   BCa ^((~BCe)&  BCi );
 800137a:	f8cd 90a4 	str.w	r9, [sp, #164]	@ 0xa4
            Ame =   BCe ^((~BCi)&  BCo );
 800137e:	ea2e 0908 	bic.w	r9, lr, r8
 8001382:	ea89 0903 	eor.w	r9, r9, r3
 8001386:	f8cd a0a8 	str.w	sl, [sp, #168]	@ 0xa8
            Ami =   BCi ^((~BCo)&  BCu );
 800138a:	ea27 0a04 	bic.w	sl, r7, r4
 800138e:	ea8a 0505 	eor.w	r5, sl, r5
            Ame =   BCe ^((~BCi)&  BCo );
 8001392:	f8cd 90ac 	str.w	r9, [sp, #172]	@ 0xac
            Amo =   BCo ^((~BCu)&  BCa );
            Amu =   BCu ^((~BCa)&  BCe );
 8001396:	ea23 030c 	bic.w	r3, r3, ip
            Ami =   BCi ^((~BCo)&  BCu );
 800139a:	ea22 090e 	bic.w	r9, r2, lr
            Amu =   BCu ^((~BCa)&  BCe );
 800139e:	4053      	eors	r3, r2
            Ami =   BCi ^((~BCo)&  BCu );
 80013a0:	952c      	str	r5, [sp, #176]	@ 0xb0
            Amu =   BCu ^((~BCa)&  BCe );
 80013a2:	ea26 0601 	bic.w	r6, r6, r1
            Ami =   BCi ^((~BCo)&  BCu );
 80013a6:	ea89 0508 	eor.w	r5, r9, r8
 80013aa:	952d      	str	r5, [sp, #180]	@ 0xb4
            Amo =   BCo ^((~BCu)&  BCa );
 80013ac:	ea21 0807 	bic.w	r8, r1, r7
            Amu =   BCu ^((~BCa)&  BCe );
 80013b0:	9331      	str	r3, [sp, #196]	@ 0xc4
 80013b2:	ea86 0107 	eor.w	r1, r6, r7

            Ebi ^= Di;
 80013b6:	9b3a      	ldr	r3, [sp, #232]	@ 0xe8
            Amu =   BCu ^((~BCa)&  BCe );
 80013b8:	9130      	str	r1, [sp, #192]	@ 0xc0
            Amo =   BCo ^((~BCu)&  BCa );
 80013ba:	ea2c 0502 	bic.w	r5, ip, r2
            Ebi ^= Di;
 80013be:	9905      	ldr	r1, [sp, #20]
 80013c0:	9a3b      	ldr	r2, [sp, #236]	@ 0xec
            BCa = ROL(Ebi, 62);
            Ego ^= Do;
            BCe = ROL(Ego, 55);
            Eku ^= Du;
            BCi = ROL(Eku, 39);
            Ema ^= Da;
 80013c2:	9f02      	ldr	r7, [sp, #8]
            BCo = ROL(Ema, 41);
            Ese ^= De;
 80013c4:	f8dd 9010 	ldr.w	r9, [sp, #16]
            Ebi ^= Di;
 80013c8:	ea83 030b 	eor.w	r3, r3, fp
 80013cc:	404a      	eors	r2, r1
            BCa = ROL(Ebi, 62);
 80013ce:	ea4f 0c93 	mov.w	ip, r3, lsr #2
 80013d2:	ea4c 7c82 	orr.w	ip, ip, r2, lsl #30
 80013d6:	0892      	lsrs	r2, r2, #2
 80013d8:	ea42 7283 	orr.w	r2, r2, r3, lsl #30
            Ego ^= Do;
 80013dc:	9906      	ldr	r1, [sp, #24]
 80013de:	9b36      	ldr	r3, [sp, #216]	@ 0xd8
            Amo =   BCo ^((~BCu)&  BCa );
 80013e0:	ea88 0404 	eor.w	r4, r8, r4
 80013e4:	942e      	str	r4, [sp, #184]	@ 0xb8
 80013e6:	ea85 040e 	eor.w	r4, r5, lr
            Ego ^= Do;
 80013ea:	404b      	eors	r3, r1
            Amo =   BCo ^((~BCu)&  BCa );
 80013ec:	942f      	str	r4, [sp, #188]	@ 0xbc
            Ego ^= Do;
 80013ee:	9937      	ldr	r1, [sp, #220]	@ 0xdc
 80013f0:	9c07      	ldr	r4, [sp, #28]
            BCe = ROL(Ego, 55);
 80013f2:	0a5d      	lsrs	r5, r3, #9
            Ego ^= Do;
 80013f4:	ea81 0604 	eor.w	r6, r1, r4
            BCe = ROL(Ego, 55);
 80013f8:	ea45 55c6 	orr.w	r5, r5, r6, lsl #23
 80013fc:	0a76      	lsrs	r6, r6, #9
 80013fe:	ea46 56c3 	orr.w	r6, r6, r3, lsl #23
            Eku ^= Du;
 8001402:	9908      	ldr	r1, [sp, #32]
 8001404:	9b32      	ldr	r3, [sp, #200]	@ 0xc8
 8001406:	9c09      	ldr	r4, [sp, #36]	@ 0x24
 8001408:	404b      	eors	r3, r1
 800140a:	9933      	ldr	r1, [sp, #204]	@ 0xcc
            BCi = ROL(Eku, 39);
 800140c:	ea4f 6853 	mov.w	r8, r3, lsr #25
            Eku ^= Du;
 8001410:	404c      	eors	r4, r1
            BCi = ROL(Eku, 39);
 8001412:	ea48 18c4 	orr.w	r8, r8, r4, lsl #7
 8001416:	0e64      	lsrs	r4, r4, #25
 8001418:	ea44 14c3 	orr.w	r4, r4, r3, lsl #7
            Ema ^= Da;
 800141c:	9901      	ldr	r1, [sp, #4]
 800141e:	9b38      	ldr	r3, [sp, #224]	@ 0xe0
 8001420:	404b      	eors	r3, r1
 8001422:	9939      	ldr	r1, [sp, #228]	@ 0xe4
            BCo = ROL(Ema, 41);
 8001424:	ea4f 5ed3 	mov.w	lr, r3, lsr #23
            Ema ^= Da;
 8001428:	4079      	eors	r1, r7
            BCo = ROL(Ema, 41);
 800142a:	ea4e 2e41 	orr.w	lr, lr, r1, lsl #9
 800142e:	0dc9      	lsrs	r1, r1, #23
 8001430:	ea41 2143 	orr.w	r1, r1, r3, lsl #9
            Ese ^= De;
 8001434:	9f03      	ldr	r7, [sp, #12]
 8001436:	9b34      	ldr	r3, [sp, #208]	@ 0xd0
 8001438:	407b      	eors	r3, r7
 800143a:	9f35      	ldr	r7, [sp, #212]	@ 0xd4
 800143c:	ea87 0909 	eor.w	r9, r7, r9
            BCu = ROL(Ese, 2);
 8001440:	ea4f 0789 	mov.w	r7, r9, lsl #2
 8001444:	ea47 7793 	orr.w	r7, r7, r3, lsr #30
 8001448:	009b      	lsls	r3, r3, #2
 800144a:	ea43 7399 	orr.w	r3, r3, r9, lsr #30
            Asa =   BCa ^((~BCe)&  BCi );
 800144e:	ea28 0a05 	bic.w	sl, r8, r5
 8001452:	ea24 0906 	bic.w	r9, r4, r6
 8001456:	ea89 0902 	eor.w	r9, r9, r2
 800145a:	ea8a 0a0c 	eor.w	sl, sl, ip
 800145e:	f8cd a0c8 	str.w	sl, [sp, #200]	@ 0xc8
 8001462:	f8cd 90cc 	str.w	r9, [sp, #204]	@ 0xcc
            Ase =   BCe ^((~BCi)&  BCo );
 8001466:	ea2e 0a08 	bic.w	sl, lr, r8
 800146a:	ea21 0904 	bic.w	r9, r1, r4
 800146e:	ea8a 0a05 	eor.w	sl, sl, r5
 8001472:	ea89 0906 	eor.w	r9, r9, r6
 8001476:	f8cd a0d0 	str.w	sl, [sp, #208]	@ 0xd0
 800147a:	f8cd 90d4 	str.w	r9, [sp, #212]	@ 0xd4
            Asi =   BCi ^((~BCo)&  BCu );
 800147e:	ea23 0a0e 	bic.w	sl, r3, lr
 8001482:	ea27 0901 	bic.w	r9, r7, r1
 8001486:	ea8a 0808 	eor.w	r8, sl, r8
 800148a:	ea89 0404 	eor.w	r4, r9, r4
 800148e:	f8cd 80d8 	str.w	r8, [sp, #216]	@ 0xd8
 8001492:	9437      	str	r4, [sp, #220]	@ 0xdc
            Aso =   BCo ^((~BCu)&  BCa );
 8001494:	ea2c 0803 	bic.w	r8, ip, r3
 8001498:	ea22 0407 	bic.w	r4, r2, r7
            Asu =   BCu ^((~BCa)&  BCe );
 800149c:	ea25 050c 	bic.w	r5, r5, ip
 80014a0:	406b      	eors	r3, r5
            Aso =   BCo ^((~BCu)&  BCa );
 80014a2:	ea88 0e0e 	eor.w	lr, r8, lr
 80014a6:	4061      	eors	r1, r4
 80014a8:	f8cd e0e0 	str.w	lr, [sp, #224]	@ 0xe0
 80014ac:	9139      	str	r1, [sp, #228]	@ 0xe4
            Asu =   BCu ^((~BCa)&  BCe );
 80014ae:	933a      	str	r3, [sp, #232]	@ 0xe8
        for(round = 0; round < NROUNDS; round += 2) {
 80014b0:	9b00      	ldr	r3, [sp, #0]
 80014b2:	3310      	adds	r3, #16
 80014b4:	9300      	str	r3, [sp, #0]
            Asu =   BCu ^((~BCa)&  BCe );
 80014b6:	ea26 0602 	bic.w	r6, r6, r2
        for(round = 0; round < NROUNDS; round += 2) {
 80014ba:	4b3d      	ldr	r3, [pc, #244]	@ (80015b0 <KeccakF1600_StatePermute+0xe04>)
 80014bc:	9a00      	ldr	r2, [sp, #0]
 80014be:	4293      	cmp	r3, r2
            Asu =   BCu ^((~BCa)&  BCe );
 80014c0:	ea86 0607 	eor.w	r6, r6, r7
        for(round = 0; round < NROUNDS; round += 2) {
 80014c4:	f47f a9f0 	bne.w	80008a8 <KeccakF1600_StatePermute+0xfc>
        }

        //copyToState(state, A)
        state[ 0] = Aba;
 80014c8:	9b0a      	ldr	r3, [sp, #40]	@ 0x28
 80014ca:	6003      	str	r3, [r0, #0]
 80014cc:	9b0b      	ldr	r3, [sp, #44]	@ 0x2c
 80014ce:	6043      	str	r3, [r0, #4]
        state[ 1] = Abe;
 80014d0:	9b0c      	ldr	r3, [sp, #48]	@ 0x30
 80014d2:	6083      	str	r3, [r0, #8]
 80014d4:	9b0d      	ldr	r3, [sp, #52]	@ 0x34
 80014d6:	60c3      	str	r3, [r0, #12]
        state[ 2] = Abi;
 80014d8:	9b0e      	ldr	r3, [sp, #56]	@ 0x38
 80014da:	6103      	str	r3, [r0, #16]
 80014dc:	9b0f      	ldr	r3, [sp, #60]	@ 0x3c
 80014de:	6143      	str	r3, [r0, #20]
        state[ 3] = Abo;
 80014e0:	9b10      	ldr	r3, [sp, #64]	@ 0x40
 80014e2:	6183      	str	r3, [r0, #24]
 80014e4:	9b11      	ldr	r3, [sp, #68]	@ 0x44
 80014e6:	61c3      	str	r3, [r0, #28]
        state[ 4] = Abu;
 80014e8:	9b12      	ldr	r3, [sp, #72]	@ 0x48
 80014ea:	6203      	str	r3, [r0, #32]
 80014ec:	9b13      	ldr	r3, [sp, #76]	@ 0x4c
 80014ee:	6243      	str	r3, [r0, #36]	@ 0x24
        state[ 5] = Aga;
 80014f0:	9b14      	ldr	r3, [sp, #80]	@ 0x50
 80014f2:	6283      	str	r3, [r0, #40]	@ 0x28
 80014f4:	9b15      	ldr	r3, [sp, #84]	@ 0x54
 80014f6:	62c3      	str	r3, [r0, #44]	@ 0x2c
        state[ 6] = Age;
 80014f8:	9b16      	ldr	r3, [sp, #88]	@ 0x58
 80014fa:	6303      	str	r3, [r0, #48]	@ 0x30
 80014fc:	9b17      	ldr	r3, [sp, #92]	@ 0x5c
 80014fe:	6343      	str	r3, [r0, #52]	@ 0x34
        state[ 7] = Agi;
 8001500:	9b18      	ldr	r3, [sp, #96]	@ 0x60
 8001502:	6383      	str	r3, [r0, #56]	@ 0x38
 8001504:	9b19      	ldr	r3, [sp, #100]	@ 0x64
 8001506:	63c3      	str	r3, [r0, #60]	@ 0x3c
        state[ 8] = Ago;
 8001508:	9b1a      	ldr	r3, [sp, #104]	@ 0x68
 800150a:	6403      	str	r3, [r0, #64]	@ 0x40
 800150c:	9b1b      	ldr	r3, [sp, #108]	@ 0x6c
 800150e:	6443      	str	r3, [r0, #68]	@ 0x44
        state[ 9] = Agu;
 8001510:	9b1c      	ldr	r3, [sp, #112]	@ 0x70
 8001512:	6483      	str	r3, [r0, #72]	@ 0x48
 8001514:	9b1d      	ldr	r3, [sp, #116]	@ 0x74
 8001516:	64c3      	str	r3, [r0, #76]	@ 0x4c
        state[10] = Aka;
 8001518:	9b1e      	ldr	r3, [sp, #120]	@ 0x78
 800151a:	6503      	str	r3, [r0, #80]	@ 0x50
 800151c:	9b1f      	ldr	r3, [sp, #124]	@ 0x7c
 800151e:	6543      	str	r3, [r0, #84]	@ 0x54
        state[11] = Ake;
 8001520:	9b20      	ldr	r3, [sp, #128]	@ 0x80
 8001522:	6583      	str	r3, [r0, #88]	@ 0x58
 8001524:	9b21      	ldr	r3, [sp, #132]	@ 0x84
 8001526:	65c3      	str	r3, [r0, #92]	@ 0x5c
        state[12] = Aki;
 8001528:	9b22      	ldr	r3, [sp, #136]	@ 0x88
 800152a:	6603      	str	r3, [r0, #96]	@ 0x60
 800152c:	9b23      	ldr	r3, [sp, #140]	@ 0x8c
 800152e:	6643      	str	r3, [r0, #100]	@ 0x64
        state[13] = Ako;
 8001530:	9b24      	ldr	r3, [sp, #144]	@ 0x90
 8001532:	6683      	str	r3, [r0, #104]	@ 0x68
 8001534:	9b25      	ldr	r3, [sp, #148]	@ 0x94
 8001536:	66c3      	str	r3, [r0, #108]	@ 0x6c
        state[14] = Aku;
 8001538:	9b26      	ldr	r3, [sp, #152]	@ 0x98
 800153a:	6703      	str	r3, [r0, #112]	@ 0x70
 800153c:	9b27      	ldr	r3, [sp, #156]	@ 0x9c
 800153e:	6743      	str	r3, [r0, #116]	@ 0x74
        state[15] = Ama;
 8001540:	9b28      	ldr	r3, [sp, #160]	@ 0xa0
 8001542:	6783      	str	r3, [r0, #120]	@ 0x78
 8001544:	9b29      	ldr	r3, [sp, #164]	@ 0xa4
 8001546:	67c3      	str	r3, [r0, #124]	@ 0x7c
        state[16] = Ame;
 8001548:	9b2a      	ldr	r3, [sp, #168]	@ 0xa8
 800154a:	f8c0 3080 	str.w	r3, [r0, #128]	@ 0x80
 800154e:	9b2b      	ldr	r3, [sp, #172]	@ 0xac
 8001550:	f8c0 3084 	str.w	r3, [r0, #132]	@ 0x84
        state[17] = Ami;
 8001554:	9b2c      	ldr	r3, [sp, #176]	@ 0xb0
 8001556:	f8c0 3088 	str.w	r3, [r0, #136]	@ 0x88
 800155a:	9b2d      	ldr	r3, [sp, #180]	@ 0xb4
 800155c:	f8c0 308c 	str.w	r3, [r0, #140]	@ 0x8c
        state[18] = Amo;
 8001560:	9b2e      	ldr	r3, [sp, #184]	@ 0xb8
 8001562:	f8c0 3090 	str.w	r3, [r0, #144]	@ 0x90
 8001566:	9b2f      	ldr	r3, [sp, #188]	@ 0xbc
 8001568:	f8c0 3094 	str.w	r3, [r0, #148]	@ 0x94
        state[19] = Amu;
 800156c:	9b30      	ldr	r3, [sp, #192]	@ 0xc0
 800156e:	f8c0 3098 	str.w	r3, [r0, #152]	@ 0x98
 8001572:	9b31      	ldr	r3, [sp, #196]	@ 0xc4
 8001574:	f8c0 309c 	str.w	r3, [r0, #156]	@ 0x9c
        state[20] = Asa;
 8001578:	9b32      	ldr	r3, [sp, #200]	@ 0xc8
 800157a:	f8c0 30a0 	str.w	r3, [r0, #160]	@ 0xa0
 800157e:	9b33      	ldr	r3, [sp, #204]	@ 0xcc
 8001580:	f8c0 30a4 	str.w	r3, [r0, #164]	@ 0xa4
        state[21] = Ase;
 8001584:	9b34      	ldr	r3, [sp, #208]	@ 0xd0
 8001586:	f8c0 30a8 	str.w	r3, [r0, #168]	@ 0xa8
 800158a:	9b35      	ldr	r3, [sp, #212]	@ 0xd4
 800158c:	f8c0 30ac 	str.w	r3, [r0, #172]	@ 0xac
        state[22] = Asi;
 8001590:	9b36      	ldr	r3, [sp, #216]	@ 0xd8
 8001592:	f8c0 30b0 	str.w	r3, [r0, #176]	@ 0xb0
 8001596:	9b37      	ldr	r3, [sp, #220]	@ 0xdc
 8001598:	f8c0 30b4 	str.w	r3, [r0, #180]	@ 0xb4
        state[23] = Aso;
        state[24] = Asu;
 800159c:	9b3a      	ldr	r3, [sp, #232]	@ 0xe8
        state[23] = Aso;
 800159e:	f8c0 e0b8 	str.w	lr, [r0, #184]	@ 0xb8
 80015a2:	f8c0 10bc 	str.w	r1, [r0, #188]	@ 0xbc
        state[24] = Asu;
 80015a6:	e9c0 3630 	strd	r3, r6, [r0, #192]	@ 0xc0
}
 80015aa:	b03d      	add	sp, #244	@ 0xf4
 80015ac:	e8bd 8ff0 	ldmia.w	sp!, {r4, r5, r6, r7, r8, r9, sl, fp, pc}
 80015b0:	08002828 	.word	0x08002828

080015b4 <keccak_absorb>:
static unsigned int keccak_absorb(uint64_t s[25],
                                  unsigned int pos,
                                  unsigned int r,
                                  const uint8_t *in,
                                  size_t inlen)
{
 80015b4:	e92d 47f3 	stmdb	sp!, {r0, r1, r4, r5, r6, r7, r8, r9, sl, lr}
 80015b8:	9e0a      	ldr	r6, [sp, #40]	@ 0x28
 80015ba:	4615      	mov	r5, r2
 80015bc:	461c      	mov	r4, r3
  unsigned int i;

  while(pos+inlen >= r) {
 80015be:	eb11 0c06 	adds.w	ip, r1, r6
 80015c2:	bf2c      	ite	cs
 80015c4:	f04f 0801 	movcs.w	r8, #1
 80015c8:	f04f 0800 	movcc.w	r8, #0
 80015cc:	45ac      	cmp	ip, r5
    for(i=pos;i<r;i++)
 80015ce:	460b      	mov	r3, r1
  while(pos+inlen >= r) {
 80015d0:	d238      	bcs.n	8001644 <keccak_absorb+0x90>
    inlen -= r-pos;
    KeccakF1600_StatePermute(s);
    pos = 0;
  }

  for(i=pos;i<pos+inlen;i++)
 80015d2:	459c      	cmp	ip, r3
 80015d4:	d838      	bhi.n	8001648 <keccak_absorb+0x94>
    s[i/8] ^= (uint64_t)*in++ << 8*(i%8);

  return i;
 80015d6:	f1b8 0f00 	cmp.w	r8, #0
 80015da:	bf0c      	ite	eq
 80015dc:	4630      	moveq	r0, r6
 80015de:	2000      	movne	r0, #0
}
 80015e0:	4408      	add	r0, r1
 80015e2:	b002      	add	sp, #8
 80015e4:	e8bd 87f0 	ldmia.w	sp!, {r4, r5, r6, r7, r8, r9, sl, pc}
      s[i/8] ^= (uint64_t)*in++ << 8*(i%8);
 80015e8:	f003 0607 	and.w	r6, r3, #7
 80015ec:	f819 2b01 	ldrb.w	r2, [r9], #1
 80015f0:	f023 0807 	bic.w	r8, r3, #7
 80015f4:	00f6      	lsls	r6, r6, #3
 80015f6:	eb00 0a08 	add.w	sl, r0, r8
 80015fa:	f1a6 0720 	sub.w	r7, r6, #32
 80015fe:	f1c6 0e20 	rsb	lr, r6, #32
 8001602:	fa22 fe0e 	lsr.w	lr, r2, lr
 8001606:	fa02 f707 	lsl.w	r7, r2, r7
 800160a:	ea47 070e 	orr.w	r7, r7, lr
 800160e:	fa02 fe06 	lsl.w	lr, r2, r6
 8001612:	f850 6008 	ldr.w	r6, [r0, r8]
 8001616:	f8da 2004 	ldr.w	r2, [sl, #4]
 800161a:	ea86 060e 	eor.w	r6, r6, lr
 800161e:	407a      	eors	r2, r7
 8001620:	f840 6008 	str.w	r6, [r0, r8]
    for(i=pos;i<r;i++)
 8001624:	3301      	adds	r3, #1
      s[i/8] ^= (uint64_t)*in++ << 8*(i%8);
 8001626:	f8ca 2004 	str.w	r2, [sl, #4]
    for(i=pos;i<r;i++)
 800162a:	42ab      	cmp	r3, r5
 800162c:	d3dc      	bcc.n	80015e8 <keccak_absorb+0x34>
 800162e:	1a6b      	subs	r3, r5, r1
 8001630:	42a9      	cmp	r1, r5
 8001632:	bf88      	it	hi
 8001634:	2300      	movhi	r3, #0
 8001636:	441c      	add	r4, r3
    inlen -= r-pos;
 8001638:	ebac 0605 	sub.w	r6, ip, r5
    KeccakF1600_StatePermute(s);
 800163c:	f7ff f8b6 	bl	80007ac <KeccakF1600_StatePermute>
    pos = 0;
 8001640:	2100      	movs	r1, #0
 8001642:	e7bc      	b.n	80015be <keccak_absorb+0xa>
 8001644:	46a1      	mov	r9, r4
 8001646:	e7f0      	b.n	800162a <keccak_absorb+0x76>
    s[i/8] ^= (uint64_t)*in++ << 8*(i%8);
 8001648:	f023 0e07 	bic.w	lr, r3, #7
 800164c:	f003 0707 	and.w	r7, r3, #7
 8001650:	f814 5b01 	ldrb.w	r5, [r4], #1
 8001654:	00ff      	lsls	r7, r7, #3
 8001656:	eb00 090e 	add.w	r9, r0, lr
 800165a:	f1a7 0220 	sub.w	r2, r7, #32
 800165e:	f1c7 0a20 	rsb	sl, r7, #32
 8001662:	fa05 f202 	lsl.w	r2, r5, r2
 8001666:	fa25 fa0a 	lsr.w	sl, r5, sl
 800166a:	40bd      	lsls	r5, r7
 800166c:	f8d9 7004 	ldr.w	r7, [r9, #4]
 8001670:	9701      	str	r7, [sp, #4]
 8001672:	f850 700e 	ldr.w	r7, [r0, lr]
 8001676:	407d      	eors	r5, r7
 8001678:	9f01      	ldr	r7, [sp, #4]
 800167a:	f840 500e 	str.w	r5, [r0, lr]
 800167e:	ea42 020a 	orr.w	r2, r2, sl
 8001682:	4057      	eors	r7, r2
 8001684:	f8c9 7004 	str.w	r7, [r9, #4]
  for(i=pos;i<pos+inlen;i++)
 8001688:	3301      	adds	r3, #1
 800168a:	e7a2      	b.n	80015d2 <keccak_absorb+0x1e>

0800168c <keccak_squeeze>:
static unsigned int keccak_squeeze(uint8_t *out,
                                   size_t outlen,
                                   uint64_t s[25],
                                   unsigned int pos,
                                   unsigned int r)
{
 800168c:	b5f8      	push	{r3, r4, r5, r6, r7, lr}
 800168e:	9e06      	ldr	r6, [sp, #24]
 8001690:	4605      	mov	r5, r0
 8001692:	460c      	mov	r4, r1
 8001694:	4610      	mov	r0, r2
  unsigned int i;

  while(outlen) {
 8001696:	b90c      	cbnz	r4, 800169c <keccak_squeeze+0x10>
    outlen -= i-pos;
    pos = i;
  }

  return pos;
}
 8001698:	4618      	mov	r0, r3
 800169a:	bdf8      	pop	{r3, r4, r5, r6, r7, pc}
    if(pos == r) {
 800169c:	42b3      	cmp	r3, r6
 800169e:	d102      	bne.n	80016a6 <keccak_squeeze+0x1a>
      KeccakF1600_StatePermute(s);
 80016a0:	f7ff f884 	bl	80007ac <KeccakF1600_StatePermute>
      pos = 0;
 80016a4:	2300      	movs	r3, #0
    for(i=pos;i < r && i < pos+outlen; i++)
 80016a6:	441c      	add	r4, r3
 80016a8:	42b3      	cmp	r3, r6
 80016aa:	d201      	bcs.n	80016b0 <keccak_squeeze+0x24>
 80016ac:	42a3      	cmp	r3, r4
 80016ae:	d301      	bcc.n	80016b4 <keccak_squeeze+0x28>
    outlen -= i-pos;
 80016b0:	1ae4      	subs	r4, r4, r3
    pos = i;
 80016b2:	e7f0      	b.n	8001696 <keccak_squeeze+0xa>
      *out++ = s[i/8] >> 8*(i%8);
 80016b4:	f023 0107 	bic.w	r1, r3, #7
 80016b8:	1847      	adds	r7, r0, r1
 80016ba:	f003 0207 	and.w	r2, r3, #7
 80016be:	f8d7 e004 	ldr.w	lr, [r7, #4]
 80016c2:	5841      	ldr	r1, [r0, r1]
 80016c4:	00d2      	lsls	r2, r2, #3
 80016c6:	f1c2 0c20 	rsb	ip, r2, #32
 80016ca:	f1a2 0720 	sub.w	r7, r2, #32
 80016ce:	40d1      	lsrs	r1, r2
 80016d0:	fa0e fc0c 	lsl.w	ip, lr, ip
 80016d4:	ea41 010c 	orr.w	r1, r1, ip
 80016d8:	fa2e f707 	lsr.w	r7, lr, r7
 80016dc:	4339      	orrs	r1, r7
 80016de:	f805 1b01 	strb.w	r1, [r5], #1
    for(i=pos;i < r && i < pos+outlen; i++)
 80016e2:	3301      	adds	r3, #1
 80016e4:	e7e0      	b.n	80016a8 <keccak_squeeze+0x1c>

080016e6 <keccak_finalize.constprop.0>:
static void keccak_finalize(uint64_t s[25], unsigned int pos, unsigned int r, uint8_t p)
 80016e6:	b5f0      	push	{r4, r5, r6, r7, lr}
  s[pos/8] ^= (uint64_t)p << 8*(pos%8);
 80016e8:	f021 0507 	bic.w	r5, r1, #7
 80016ec:	f001 0107 	and.w	r1, r1, #7
 80016f0:	00c9      	lsls	r1, r1, #3
 80016f2:	241f      	movs	r4, #31
 80016f4:	f1a1 0320 	sub.w	r3, r1, #32
 80016f8:	f1c1 0620 	rsb	r6, r1, #32
 80016fc:	1947      	adds	r7, r0, r5
 80016fe:	fa24 f606 	lsr.w	r6, r4, r6
 8001702:	fa04 f303 	lsl.w	r3, r4, r3
 8001706:	4333      	orrs	r3, r6
 8001708:	5946      	ldr	r6, [r0, r5]
 800170a:	408c      	lsls	r4, r1
 800170c:	6879      	ldr	r1, [r7, #4]
 800170e:	4066      	eors	r6, r4
  s[r/8-1] ^= 1ULL << 63;
 8001710:	3a08      	subs	r2, #8
  s[pos/8] ^= (uint64_t)p << 8*(pos%8);
 8001712:	5146      	str	r6, [r0, r5]
 8001714:	4059      	eors	r1, r3
  s[r/8-1] ^= 1ULL << 63;
 8001716:	4410      	add	r0, r2
  s[pos/8] ^= (uint64_t)p << 8*(pos%8);
 8001718:	6079      	str	r1, [r7, #4]
  s[r/8-1] ^= 1ULL << 63;
 800171a:	6843      	ldr	r3, [r0, #4]
 800171c:	f103 4300 	add.w	r3, r3, #2147483648	@ 0x80000000
 8001720:	6043      	str	r3, [r0, #4]
}
 8001722:	bdf0      	pop	{r4, r5, r6, r7, pc}

08001724 <meds_fips202_ref_shake128_init>:
* Description: Initilizes Keccak state for use as SHAKE128 XOF
*
* Arguments:   - keccak_state *state: pointer to (uninitialized) Keccak state
**************************************************/
void shake128_init(keccak_state *state)
{
 8001724:	b510      	push	{r4, lr}
    s[i] = 0;
 8001726:	22c8      	movs	r2, #200	@ 0xc8
{
 8001728:	4604      	mov	r4, r0
    s[i] = 0;
 800172a:	2100      	movs	r1, #0
 800172c:	f7fe fd98 	bl	8000260 <memset>
  keccak_init(state->s);
  state->pos = 0;
 8001730:	2300      	movs	r3, #0
 8001732:	f8c4 30c8 	str.w	r3, [r4, #200]	@ 0xc8
}
 8001736:	bd10      	pop	{r4, pc}

08001738 <meds_fips202_ref_shake256_init>:
*
* Description: Initilizes Keccak state for use as SHAKE256 XOF
*
* Arguments:   - keccak_state *state: pointer to (uninitialized) Keccak state
**************************************************/
void shake256_init(keccak_state *state)
 8001738:	f7ff bff4 	b.w	8001724 <meds_fips202_ref_shake128_init>

0800173c <meds_fips202_ref_shake256_absorb>:
* Arguments:   - keccak_state *state: pointer to (initialized) output Keccak state
*              - const uint8_t *in: pointer to input to be absorbed into s
*              - size_t inlen: length of input in bytes
**************************************************/
void shake256_absorb(keccak_state *state, const uint8_t *in, size_t inlen)
{
 800173c:	b513      	push	{r0, r1, r4, lr}
  state->pos = keccak_absorb(state->s, state->pos, SHAKE256_RATE, in, inlen);
 800173e:	9200      	str	r2, [sp, #0]
{
 8001740:	460b      	mov	r3, r1
  state->pos = keccak_absorb(state->s, state->pos, SHAKE256_RATE, in, inlen);
 8001742:	2288      	movs	r2, #136	@ 0x88
 8001744:	f8d0 10c8 	ldr.w	r1, [r0, #200]	@ 0xc8
{
 8001748:	4604      	mov	r4, r0
  state->pos = keccak_absorb(state->s, state->pos, SHAKE256_RATE, in, inlen);
 800174a:	f7ff ff33 	bl	80015b4 <keccak_absorb>
 800174e:	f8c4 00c8 	str.w	r0, [r4, #200]	@ 0xc8
}
 8001752:	b002      	add	sp, #8
 8001754:	bd10      	pop	{r4, pc}

08001756 <meds_fips202_ref_shake256_finalize>:
* Description: Finalize absorb step of the SHAKE256 XOF.
*
* Arguments:   - keccak_state *state: pointer to Keccak state
**************************************************/
void shake256_finalize(keccak_state *state)
{
 8001756:	b510      	push	{r4, lr}
  keccak_finalize(state->s, state->pos, SHAKE256_RATE, 0x1F);
 8001758:	f8d0 10c8 	ldr.w	r1, [r0, #200]	@ 0xc8
{
 800175c:	4604      	mov	r4, r0
  keccak_finalize(state->s, state->pos, SHAKE256_RATE, 0x1F);
 800175e:	2288      	movs	r2, #136	@ 0x88
 8001760:	f7ff ffc1 	bl	80016e6 <keccak_finalize.constprop.0>
  state->pos = SHAKE256_RATE;
 8001764:	2388      	movs	r3, #136	@ 0x88
 8001766:	f8c4 30c8 	str.w	r3, [r4, #200]	@ 0xc8
}
 800176a:	bd10      	pop	{r4, pc}

0800176c <meds_fips202_ref_shake256_squeeze>:
* Arguments:   - uint8_t *out: pointer to output blocks
*              - size_t outlen : number of bytes to be squeezed (written to output)
*              - keccak_state *s: pointer to input/output Keccak state
**************************************************/
void shake256_squeeze(uint8_t *out, size_t outlen, keccak_state *state)
{
 800176c:	b513      	push	{r0, r1, r4, lr}
  state->pos = keccak_squeeze(out, outlen, state->s, state->pos, SHAKE256_RATE);
 800176e:	2388      	movs	r3, #136	@ 0x88
 8001770:	9300      	str	r3, [sp, #0]
 8001772:	f8d2 30c8 	ldr.w	r3, [r2, #200]	@ 0xc8
{
 8001776:	4614      	mov	r4, r2
  state->pos = keccak_squeeze(out, outlen, state->s, state->pos, SHAKE256_RATE);
 8001778:	f7ff ff88 	bl	800168c <keccak_squeeze>
 800177c:	f8c4 00c8 	str.w	r0, [r4, #200]	@ 0xc8
}
 8001780:	b002      	add	sp, #8
 8001782:	bd10      	pop	{r4, pc}

08001784 <ss_crc>:


// 0xA6 formerly 
#define CW_CRC 0x4D 
uint8_t ss_crc(uint8_t *buf, uint8_t len)
{
 8001784:	b510      	push	{r4, lr}
 8001786:	4602      	mov	r2, r0
	unsigned int k = 0;
	uint8_t crc = 0x00;
	while (len--) {
 8001788:	4401      	add	r1, r0
	uint8_t crc = 0x00;
 800178a:	2000      	movs	r0, #0
	while (len--) {
 800178c:	428a      	cmp	r2, r1
 800178e:	d100      	bne.n	8001792 <ss_crc+0xe>
			crc = crc & 0x80 ? (crc << 1) ^ CW_CRC: crc << 1;
		}
	}
	return crc;

}
 8001790:	bd10      	pop	{r4, pc}
		crc ^= *buf++;
 8001792:	f812 3b01 	ldrb.w	r3, [r2], #1
 8001796:	2408      	movs	r4, #8
 8001798:	4058      	eors	r0, r3
			crc = crc & 0x80 ? (crc << 1) ^ CW_CRC: crc << 1;
 800179a:	b243      	sxtb	r3, r0
 800179c:	2b00      	cmp	r3, #0
 800179e:	bfba      	itte	lt
 80017a0:	005b      	lsllt	r3, r3, #1
 80017a2:	f083 034d 	eorlt.w	r3, r3, #77	@ 0x4d
 80017a6:	0043      	lslge	r3, r0, #1
		for (k = 0; k < 8; k++) {
 80017a8:	3c01      	subs	r4, #1
			crc = crc & 0x80 ? (crc << 1) ^ CW_CRC: crc << 1;
 80017aa:	b2d8      	uxtb	r0, r3
		for (k = 0; k < 8; k++) {
 80017ac:	d1f5      	bne.n	800179a <ss_crc+0x16>
 80017ae:	e7ed      	b.n	800178c <ss_crc+0x8>

080017b0 <stuff_data>:
    return 0x00;

}

uint8_t stuff_data(uint8_t *buf, uint8_t len)
{
 80017b0:	b530      	push	{r4, r5, lr}
	uint8_t i = 1;
	uint8_t last = 0;
 80017b2:	2200      	movs	r2, #0
 80017b4:	4604      	mov	r4, r0
	uint8_t i = 1;
 80017b6:	2301      	movs	r3, #1
	for (; i < len; i++) {
 80017b8:	428b      	cmp	r3, r1
 80017ba:	d301      	bcc.n	80017c0 <stuff_data+0x10>
			buf[last] = i - last;
			last = i;
		}
	}
	return 0x00;
}
 80017bc:	2000      	movs	r0, #0
 80017be:	bd30      	pop	{r4, r5, pc}
		if (buf[i] == FRAME_BYTE) {
 80017c0:	f814 5f01 	ldrb.w	r5, [r4, #1]!
 80017c4:	b915      	cbnz	r5, 80017cc <stuff_data+0x1c>
			buf[last] = i - last;
 80017c6:	1a9d      	subs	r5, r3, r2
 80017c8:	5485      	strb	r5, [r0, r2]
			last = i;
 80017ca:	461a      	mov	r2, r3
	for (; i < len; i++) {
 80017cc:	3301      	adds	r3, #1
 80017ce:	b2db      	uxtb	r3, r3
 80017d0:	e7f2      	b.n	80017b8 <stuff_data+0x8>

080017d2 <unstuff_data>:

uint8_t unstuff_data(uint8_t *buf, uint8_t len)
{
 80017d2:	b530      	push	{r4, r5, lr}
	uint8_t next = buf[0];
 80017d4:	7804      	ldrb	r4, [r0, #0]
	buf[0] = 0x00;
 80017d6:	2500      	movs	r5, #0
{
 80017d8:	4602      	mov	r2, r0
	buf[0] = 0x00;
 80017da:	7005      	strb	r5, [r0, #0]
	uint8_t next = buf[0];
 80017dc:	4620      	mov	r0, r4
	//len -= 1;
	uint8_t tmp = next;
	while ((next < len) && tmp != 0) {
 80017de:	4288      	cmp	r0, r1
 80017e0:	d200      	bcs.n	80017e4 <unstuff_data+0x12>
 80017e2:	b904      	cbnz	r4, 80017e6 <unstuff_data+0x14>
		tmp = buf[next];
		buf[next] = FRAME_BYTE;
		next += tmp;
	}
	return next;
}
 80017e4:	bd30      	pop	{r4, r5, pc}
		tmp = buf[next];
 80017e6:	5c14      	ldrb	r4, [r2, r0]
		buf[next] = FRAME_BYTE;
 80017e8:	5415      	strb	r5, [r2, r0]
		next += tmp;
 80017ea:	1903      	adds	r3, r0, r4
 80017ec:	b2d8      	uxtb	r0, r3
 80017ee:	e7f6      	b.n	80017de <unstuff_data+0xc>

080017f0 <simpleserial_addcmd>:
	simpleserial_addcmd('v', 0, check_version);
    simpleserial_addcmd('w', 0, ss_get_commands);
}

int simpleserial_addcmd(char c, unsigned int len, uint8_t (*fp)(uint8_t, uint8_t, uint8_t, uint8_t*))
{
 80017f0:	b538      	push	{r3, r4, r5, lr}
	if(num_commands >= MAX_SS_CMDS) {
 80017f2:	4d0b      	ldr	r5, [pc, #44]	@ (8001820 <simpleserial_addcmd+0x30>)
 80017f4:	682b      	ldr	r3, [r5, #0]
 80017f6:	2b1f      	cmp	r3, #31
 80017f8:	dd04      	ble.n	8001804 <simpleserial_addcmd+0x14>
		putch('a');
 80017fa:	2061      	movs	r0, #97	@ 0x61
		return 1;
	}

	if(len >= MAX_SS_LEN) {
		putch('b');
 80017fc:	f000 f9c2 	bl	8001b84 <putch>
		return 1;
 8001800:	2001      	movs	r0, #1
	commands[num_commands].len = len;
	commands[num_commands].fp  = fp;
	num_commands++;

	return 0;
}
 8001802:	bd38      	pop	{r3, r4, r5, pc}
	if(len >= MAX_SS_LEN) {
 8001804:	29f8      	cmp	r1, #248	@ 0xf8
 8001806:	d901      	bls.n	800180c <simpleserial_addcmd+0x1c>
		putch('b');
 8001808:	2062      	movs	r0, #98	@ 0x62
 800180a:	e7f7      	b.n	80017fc <simpleserial_addcmd+0xc>
	commands[num_commands].c   = c;
 800180c:	240c      	movs	r4, #12
 800180e:	fb04 5403 	mla	r4, r4, r3, r5
	num_commands++;
 8001812:	3301      	adds	r3, #1
	commands[num_commands].c   = c;
 8001814:	7120      	strb	r0, [r4, #4]
	commands[num_commands].fp  = fp;
 8001816:	e9c4 1202 	strd	r1, r2, [r4, #8]
	num_commands++;
 800181a:	602b      	str	r3, [r5, #0]
	return 0;
 800181c:	2000      	movs	r0, #0
 800181e:	e7f0      	b.n	8001802 <simpleserial_addcmd+0x12>
 8001820:	200003b0 	.word	0x200003b0

08001824 <simpleserial_init>:
{
 8001824:	b508      	push	{r3, lr}
	simpleserial_addcmd('v', 0, check_version);
 8001826:	4a06      	ldr	r2, [pc, #24]	@ (8001840 <simpleserial_init+0x1c>)
 8001828:	2100      	movs	r1, #0
 800182a:	2076      	movs	r0, #118	@ 0x76
 800182c:	f7ff ffe0 	bl	80017f0 <simpleserial_addcmd>
}
 8001830:	e8bd 4008 	ldmia.w	sp!, {r3, lr}
    simpleserial_addcmd('w', 0, ss_get_commands);
 8001834:	4a03      	ldr	r2, [pc, #12]	@ (8001844 <simpleserial_init+0x20>)
 8001836:	2100      	movs	r1, #0
 8001838:	2077      	movs	r0, #119	@ 0x77
 800183a:	f7ff bfd9 	b.w	80017f0 <simpleserial_addcmd>
 800183e:	bf00      	nop
 8001840:	080018a1 	.word	0x080018a1
 8001844:	080018bd 	.word	0x080018bd

08001848 <simpleserial_put>:
	simpleserial_put('e', 0x01, &err);
	return;
}

void simpleserial_put(char c, uint8_t size, uint8_t* output)
{
 8001848:	b570      	push	{r4, r5, r6, lr}
 800184a:	460c      	mov	r4, r1
 800184c:	b0c0      	sub	sp, #256	@ 0x100
    if (!output) return;
 800184e:	4611      	mov	r1, r2
 8001850:	b322      	cbz	r2, 800189c <simpleserial_put+0x54>
	data_buf[0] = 0x00;
	data_buf[1] = c;
	data_buf[2] = size;
	int i = 0;
	for (; i < size; i++) {
		data_buf[i + 3] = output[i];
 8001852:	4622      	mov	r2, r4
	data_buf[0] = 0x00;
 8001854:	2500      	movs	r5, #0
	data_buf[1] = c;
 8001856:	f88d 0001 	strb.w	r0, [sp, #1]
		data_buf[i + 3] = output[i];
 800185a:	f10d 0003 	add.w	r0, sp, #3
	data_buf[2] = size;
 800185e:	f88d 4002 	strb.w	r4, [sp, #2]
	data_buf[0] = 0x00;
 8001862:	f88d 5000 	strb.w	r5, [sp]
		data_buf[i + 3] = output[i];
 8001866:	f7fe fd4d 	bl	8000304 <memcpy>
	}
	data_buf[i + 3] = ss_crc(data_buf+1, size+2);
 800186a:	1ca1      	adds	r1, r4, #2
 800186c:	b2c9      	uxtb	r1, r1
 800186e:	f10d 0001 	add.w	r0, sp, #1
 8001872:	f7ff ff87 	bl	8001784 <ss_crc>
 8001876:	eb0d 0304 	add.w	r3, sp, r4
	data_buf[i + 4] = 0x00;
 800187a:	1d26      	adds	r6, r4, #4
	stuff_data(data_buf, i + 5);
 800187c:	1d61      	adds	r1, r4, #5
	data_buf[i + 3] = ss_crc(data_buf+1, size+2);
 800187e:	70d8      	strb	r0, [r3, #3]
	stuff_data(data_buf, i + 5);
 8001880:	b2c9      	uxtb	r1, r1
 8001882:	4668      	mov	r0, sp
	data_buf[i + 4] = 0x00;
 8001884:	f80d 5006 	strb.w	r5, [sp, r6]
	stuff_data(data_buf, i + 5);
 8001888:	f7ff ff92 	bl	80017b0 <stuff_data>
	for (int i = 0; i < size + 5; i++) {
 800188c:	466c      	mov	r4, sp
		putch(data_buf[i]);
 800188e:	f814 0b01 	ldrb.w	r0, [r4], #1
	for (int i = 0; i < size + 5; i++) {
 8001892:	3501      	adds	r5, #1
		putch(data_buf[i]);
 8001894:	f000 f976 	bl	8001b84 <putch>
	for (int i = 0; i < size + 5; i++) {
 8001898:	42ae      	cmp	r6, r5
 800189a:	daf8      	bge.n	800188e <simpleserial_put+0x46>
	}
}
 800189c:	b040      	add	sp, #256	@ 0x100
 800189e:	bd70      	pop	{r4, r5, r6, pc}

080018a0 <check_version>:
{
 80018a0:	b507      	push	{r0, r1, r2, lr}
	uint8_t ver = SS_VER;
 80018a2:	2303      	movs	r3, #3
	simpleserial_put('r', 1, &ver);
 80018a4:	f10d 0207 	add.w	r2, sp, #7
 80018a8:	2101      	movs	r1, #1
 80018aa:	2072      	movs	r0, #114	@ 0x72
	uint8_t ver = SS_VER;
 80018ac:	f88d 3007 	strb.w	r3, [sp, #7]
	simpleserial_put('r', 1, &ver);
 80018b0:	f7ff ffca 	bl	8001848 <simpleserial_put>
}
 80018b4:	2000      	movs	r0, #0
 80018b6:	b003      	add	sp, #12
 80018b8:	f85d fb04 	ldr.w	pc, [sp], #4

080018bc <ss_get_commands>:
{
 80018bc:	b530      	push	{r4, r5, lr}
    for (uint8_t i = 0; i < (num_commands & 0xFF); i++) {
 80018be:	480d      	ldr	r0, [pc, #52]	@ (80018f4 <ss_get_commands+0x38>)
 80018c0:	7801      	ldrb	r1, [r0, #0]
{
 80018c2:	b089      	sub	sp, #36	@ 0x24
    for (uint8_t i = 0; i < (num_commands & 0xFF); i++) {
 80018c4:	2200      	movs	r2, #0
        cmd_chars[i] = commands[i].c;
 80018c6:	240c      	movs	r4, #12
    for (uint8_t i = 0; i < (num_commands & 0xFF); i++) {
 80018c8:	b2d3      	uxtb	r3, r2
 80018ca:	428b      	cmp	r3, r1
 80018cc:	f102 0201 	add.w	r2, r2, #1
 80018d0:	db06      	blt.n	80018e0 <ss_get_commands+0x24>
    simpleserial_put('r', num_commands & 0xFF, (void *)cmd_chars);
 80018d2:	466a      	mov	r2, sp
 80018d4:	2072      	movs	r0, #114	@ 0x72
 80018d6:	f7ff ffb7 	bl	8001848 <simpleserial_put>
}
 80018da:	2000      	movs	r0, #0
 80018dc:	b009      	add	sp, #36	@ 0x24
 80018de:	bd30      	pop	{r4, r5, pc}
        cmd_chars[i] = commands[i].c;
 80018e0:	f103 0520 	add.w	r5, r3, #32
 80018e4:	fb04 0303 	mla	r3, r4, r3, r0
 80018e8:	446d      	add	r5, sp
 80018ea:	791b      	ldrb	r3, [r3, #4]
 80018ec:	f805 3c20 	strb.w	r3, [r5, #-32]
    for (uint8_t i = 0; i < (num_commands & 0xFF); i++) {
 80018f0:	e7ea      	b.n	80018c8 <ss_get_commands+0xc>
 80018f2:	bf00      	nop
 80018f4:	200003b0 	.word	0x200003b0

080018f8 <simpleserial_get>:
{
 80018f8:	e92d 47f0 	stmdb	sp!, {r4, r5, r6, r7, r8, r9, sl, lr}
 80018fc:	b0c0      	sub	sp, #256	@ 0x100
	uint8_t err = 0;
 80018fe:	2400      	movs	r4, #0
 8001900:	ad01      	add	r5, sp, #4
 8001902:	f88d 4003 	strb.w	r4, [sp, #3]
	for (int i = 0; i < 4; i++) {
 8001906:	46a9      	mov	r9, r5
		data_buf[i] = getch(); //PTR, cmd, scmd, len
 8001908:	f000 f922 	bl	8001b50 <getch>
 800190c:	f805 0b01 	strb.w	r0, [r5], #1
		if (data_buf[i] == FRAME_BYTE) {
 8001910:	b958      	cbnz	r0, 800192a <simpleserial_get+0x32>
			goto ERROR;
 8001912:	2005      	movs	r0, #5
			err = SS_ERR_FRAME_BYTE;
 8001914:	f88d 0003 	strb.w	r0, [sp, #3]
	simpleserial_put('e', 0x01, &err);
 8001918:	f10d 0203 	add.w	r2, sp, #3
 800191c:	2101      	movs	r1, #1
 800191e:	2065      	movs	r0, #101	@ 0x65
 8001920:	f7ff ff92 	bl	8001848 <simpleserial_put>
}
 8001924:	b040      	add	sp, #256	@ 0x100
 8001926:	e8bd 87f0 	ldmia.w	sp!, {r4, r5, r6, r7, r8, r9, sl, pc}
	for (int i = 0; i < 4; i++) {
 800192a:	3401      	adds	r4, #1
 800192c:	2c04      	cmp	r4, #4
 800192e:	d1eb      	bne.n	8001908 <simpleserial_get+0x10>
	uint8_t next_frame = unstuff_data(data_buf, 4);
 8001930:	4621      	mov	r1, r4
 8001932:	4648      	mov	r0, r9
 8001934:	f7ff ff4d 	bl	80017d2 <unstuff_data>
	for(c = 0; c < num_commands; c++)
 8001938:	4e2c      	ldr	r6, [pc, #176]	@ (80019ec <simpleserial_get+0xf4>)
		if(commands[c].c == data_buf[1])
 800193a:	f89d 1005 	ldrb.w	r1, [sp, #5]
	for(c = 0; c < num_commands; c++)
 800193e:	6832      	ldr	r2, [r6, #0]
	uint8_t next_frame = unstuff_data(data_buf, 4);
 8001940:	4607      	mov	r7, r0
	for(c = 0; c < num_commands; c++)
 8001942:	2300      	movs	r3, #0
		if(commands[c].c == data_buf[1])
 8001944:	200c      	movs	r0, #12
	for(c = 0; c < num_commands; c++)
 8001946:	fa5f f883 	uxtb.w	r8, r3
 800194a:	4590      	cmp	r8, r2
 800194c:	db02      	blt.n	8001954 <simpleserial_get+0x5c>
	if (c == num_commands) {
 800194e:	d107      	bne.n	8001960 <simpleserial_get+0x68>
 8001950:	2001      	movs	r0, #1
 8001952:	e7df      	b.n	8001914 <simpleserial_get+0x1c>
		if(commands[c].c == data_buf[1])
 8001954:	fb00 6508 	mla	r5, r0, r8, r6
 8001958:	3301      	adds	r3, #1
 800195a:	792d      	ldrb	r5, [r5, #4]
 800195c:	428d      	cmp	r5, r1
 800195e:	d1f2      	bne.n	8001946 <simpleserial_get+0x4e>
	if ((data_buf[3] + 5) < next_frame) {
 8001960:	f89d 3007 	ldrb.w	r3, [sp, #7]
 8001964:	3305      	adds	r3, #5
 8001966:	42bb      	cmp	r3, r7
 8001968:	da02      	bge.n	8001970 <simpleserial_get+0x78>
		goto ERROR;
 800196a:	2004      	movs	r0, #4
 800196c:	e7d2      	b.n	8001914 <simpleserial_get+0x1c>
 800196e:	462c      	mov	r4, r5
		data_buf[i] = getch();
 8001970:	f000 f8ee 	bl	8001b50 <getch>
 8001974:	f809 0004 	strb.w	r0, [r9, r4]
		if (data_buf[i] == FRAME_BYTE) {
 8001978:	2800      	cmp	r0, #0
 800197a:	d0ca      	beq.n	8001912 <simpleserial_get+0x1a>
	for (; i < data_buf[3] + 5; i++) {
 800197c:	f89d 3007 	ldrb.w	r3, [sp, #7]
 8001980:	1c65      	adds	r5, r4, #1
 8001982:	3304      	adds	r3, #4
 8001984:	42ab      	cmp	r3, r5
 8001986:	daf2      	bge.n	800196e <simpleserial_get+0x76>
	data_buf[i] = getch();
 8001988:	f000 f8e2 	bl	8001b50 <getch>
 800198c:	f505 7380 	add.w	r3, r5, #256	@ 0x100
 8001990:	446b      	add	r3, sp
 8001992:	f803 0cfc 	strb.w	r0, [r3, #-252]
	if (data_buf[i] != FRAME_BYTE) {
 8001996:	2800      	cmp	r0, #0
 8001998:	d1e7      	bne.n	800196a <simpleserial_get+0x72>
	unstuff_data(data_buf + next_frame, i - next_frame + 1);
 800199a:	f1c7 0301 	rsb	r3, r7, #1
 800199e:	fa53 f185 	uxtab	r1, r3, r5
 80019a2:	b2c9      	uxtb	r1, r1
 80019a4:	fa5f fa85 	uxtb.w	sl, r5
 80019a8:	eb09 0007 	add.w	r0, r9, r7
 80019ac:	f7ff ff11 	bl	80017d2 <unstuff_data>
	uint8_t crc = ss_crc(data_buf+1, i-2);
 80019b0:	f1aa 0102 	sub.w	r1, sl, #2
 80019b4:	b2c9      	uxtb	r1, r1
 80019b6:	f10d 0005 	add.w	r0, sp, #5
 80019ba:	f7ff fee3 	bl	8001784 <ss_crc>
	if (crc != data_buf[i-1]) {
 80019be:	f504 7380 	add.w	r3, r4, #256	@ 0x100
 80019c2:	eb0d 0403 	add.w	r4, sp, r3
 80019c6:	f814 3cfc 	ldrb.w	r3, [r4, #-252]
 80019ca:	4283      	cmp	r3, r0
 80019cc:	d10c      	bne.n	80019e8 <simpleserial_get+0xf0>
	err = commands[c].fp(data_buf[1], data_buf[2], data_buf[3], data_buf+4);
 80019ce:	230c      	movs	r3, #12
 80019d0:	fb03 6608 	mla	r6, r3, r8, r6
 80019d4:	f89d 2007 	ldrb.w	r2, [sp, #7]
 80019d8:	68f4      	ldr	r4, [r6, #12]
 80019da:	f89d 1006 	ldrb.w	r1, [sp, #6]
 80019de:	f89d 0005 	ldrb.w	r0, [sp, #5]
 80019e2:	ab02      	add	r3, sp, #8
 80019e4:	47a0      	blx	r4
 80019e6:	e795      	b.n	8001914 <simpleserial_get+0x1c>
 80019e8:	2002      	movs	r0, #2
 80019ea:	e793      	b.n	8001914 <simpleserial_get+0x1c>
 80019ec:	200003b0 	.word	0x200003b0

080019f0 <platform_init>:

UART_HandleTypeDef UartHandle;


void platform_init(void)
{
 80019f0:	b570      	push	{r4, r5, r6, lr}
 80019f2:	b096      	sub	sp, #88	@ 0x58
     HAL_RCC_ClockConfig(&RCC_ClkInitStruct, flash_latency);
  #else
     RCC_OscInitTypeDef RCC_OscInitStruct;
     RCC_OscInitStruct.OscillatorType = RCC_OSCILLATORTYPE_HSE | RCC_OSCILLATORTYPE_HSI;
     RCC_OscInitStruct.HSEState       = RCC_HSE_BYPASS;
     RCC_OscInitStruct.HSIState       = RCC_HSI_OFF;
 80019f4:	2400      	movs	r4, #0
     RCC_OscInitStruct.HSEState       = RCC_HSE_BYPASS;
 80019f6:	2603      	movs	r6, #3
 80019f8:	f44f 23a0 	mov.w	r3, #327680	@ 0x50000
     RCC_OscInitStruct.PLL.PLLSource  = RCC_PLL_NONE;
     HAL_RCC_OscConfig(&RCC_OscInitStruct);
 80019fc:	a80c      	add	r0, sp, #48	@ 0x30

     RCC_ClkInitTypeDef RCC_ClkInitStruct;
     RCC_ClkInitStruct.ClockType      = (RCC_CLOCKTYPE_SYSCLK | RCC_CLOCKTYPE_HCLK | RCC_CLOCKTYPE_PCLK1 | RCC_CLOCKTYPE_PCLK2);
     RCC_ClkInitStruct.SYSCLKSource   = RCC_SYSCLKSOURCE_HSE;
 80019fe:	2501      	movs	r5, #1
     RCC_OscInitStruct.HSEState       = RCC_HSE_BYPASS;
 8001a00:	e9cd 630c 	strd	r6, r3, [sp, #48]	@ 0x30
     RCC_OscInitStruct.HSIState       = RCC_HSI_OFF;
 8001a04:	9410      	str	r4, [sp, #64]	@ 0x40
     RCC_OscInitStruct.PLL.PLLSource  = RCC_PLL_NONE;
 8001a06:	9414      	str	r4, [sp, #80]	@ 0x50
     HAL_RCC_OscConfig(&RCC_OscInitStruct);
 8001a08:	f000 f8d4 	bl	8001bb4 <HAL_RCC_OscConfig>
     RCC_ClkInitStruct.SYSCLKSource   = RCC_SYSCLKSOURCE_HSE;
 8001a0c:	230f      	movs	r3, #15
     RCC_ClkInitStruct.AHBCLKDivider  = RCC_SYSCLK_DIV1;
     RCC_ClkInitStruct.APB1CLKDivider = RCC_HCLK_DIV1;
     RCC_ClkInitStruct.APB2CLKDivider = RCC_HCLK_DIV1;
     uint32_t flash_latency = 0;
     HAL_RCC_ClockConfig(&RCC_ClkInitStruct, flash_latency);
 8001a0e:	4621      	mov	r1, r4
 8001a10:	a802      	add	r0, sp, #8
     RCC_ClkInitStruct.SYSCLKSource   = RCC_SYSCLKSOURCE_HSE;
 8001a12:	e9cd 3502 	strd	r3, r5, [sp, #8]
     RCC_ClkInitStruct.APB1CLKDivider = RCC_HCLK_DIV1;
 8001a16:	e9cd 4404 	strd	r4, r4, [sp, #16]
     RCC_ClkInitStruct.APB2CLKDivider = RCC_HCLK_DIV1;
 8001a1a:	9406      	str	r4, [sp, #24]
     HAL_RCC_ClockConfig(&RCC_ClkInitStruct, flash_latency);
 8001a1c:	f000 fb10 	bl	8002040 <HAL_RCC_ClockConfig>




#if (PLATFORM==CWLITEARM)
  __HAL_RCC_GPIOC_CLK_ENABLE();
 8001a20:	4b11      	ldr	r3, [pc, #68]	@ (8001a68 <platform_init+0x78>)
 8001a22:	695a      	ldr	r2, [r3, #20]
 8001a24:	f442 2200 	orr.w	r2, r2, #524288	@ 0x80000
 8001a28:	615a      	str	r2, [r3, #20]
 8001a2a:	695b      	ldr	r3, [r3, #20]
  GPIO_InitTypeDef GpioInit;
  GpioInit.Pin       = GPIO_PIN_13 | GPIO_PIN_14;
  GpioInit.Mode      = GPIO_MODE_OUTPUT_PP;
  GpioInit.Pull      = GPIO_NOPULL;
  GpioInit.Speed     = GPIO_SPEED_FREQ_HIGH;
 8001a2c:	e9cd 4609 	strd	r4, r6, [sp, #36]	@ 0x24
  __HAL_RCC_GPIOC_CLK_ENABLE();
 8001a30:	f403 2300 	and.w	r3, r3, #524288	@ 0x80000
  HAL_GPIO_Init(GPIOC, &GpioInit);
 8001a34:	4c0d      	ldr	r4, [pc, #52]	@ (8001a6c <platform_init+0x7c>)
  __HAL_RCC_GPIOC_CLK_ENABLE();
 8001a36:	9301      	str	r3, [sp, #4]
 8001a38:	9b01      	ldr	r3, [sp, #4]
  HAL_GPIO_Init(GPIOC, &GpioInit);
 8001a3a:	a907      	add	r1, sp, #28
  GpioInit.Pin       = GPIO_PIN_13 | GPIO_PIN_14;
 8001a3c:	f44f 43c0 	mov.w	r3, #24576	@ 0x6000
  HAL_GPIO_Init(GPIOC, &GpioInit);
 8001a40:	4620      	mov	r0, r4
  GpioInit.Mode      = GPIO_MODE_OUTPUT_PP;
 8001a42:	e9cd 3507 	strd	r3, r5, [sp, #28]
  HAL_GPIO_Init(GPIOC, &GpioInit);
 8001a46:	f000 fb9b 	bl	8002180 <HAL_GPIO_Init>

  HAL_GPIO_WritePin(GPIOC, GPIO_PIN_13, SET);
 8001a4a:	462a      	mov	r2, r5
 8001a4c:	4620      	mov	r0, r4
 8001a4e:	f44f 5100 	mov.w	r1, #8192	@ 0x2000
 8001a52:	f000 fc53 	bl	80022fc <HAL_GPIO_WritePin>
  HAL_GPIO_WritePin(GPIOC, GPIO_PIN_14, SET);
 8001a56:	462a      	mov	r2, r5
 8001a58:	f44f 4180 	mov.w	r1, #16384	@ 0x4000
 8001a5c:	4620      	mov	r0, r4
 8001a5e:	f000 fc4d 	bl	80022fc <HAL_GPIO_WritePin>
#endif
}
 8001a62:	b016      	add	sp, #88	@ 0x58
 8001a64:	bd70      	pop	{r4, r5, r6, pc}
 8001a66:	bf00      	nop
 8001a68:	40021000 	.word	0x40021000
 8001a6c:	48000800 	.word	0x48000800

08001a70 <init_uart>:

void init_uart(void)
{
 8001a70:	b510      	push	{r4, lr}
  GPIO_InitTypeDef GpioInit;
  GpioInit.Pin       = GPIO_PIN_9 | GPIO_PIN_10;
  GpioInit.Mode      = GPIO_MODE_AF_PP;
 8001a72:	f44f 62c0 	mov.w	r2, #1536	@ 0x600
{
 8001a76:	b088      	sub	sp, #32
  GpioInit.Mode      = GPIO_MODE_AF_PP;
 8001a78:	2302      	movs	r3, #2
 8001a7a:	e9cd 2303 	strd	r2, r3, [sp, #12]
  GpioInit.Pull      = GPIO_PULLUP;
  GpioInit.Speed     = GPIO_SPEED_FREQ_HIGH;
 8001a7e:	2101      	movs	r1, #1
 8001a80:	2303      	movs	r3, #3
 8001a82:	e9cd 1305 	strd	r1, r3, [sp, #20]
  GpioInit.Alternate = GPIO_AF7_USART1;
  __GPIOA_CLK_ENABLE();
 8001a86:	4c16      	ldr	r4, [pc, #88]	@ (8001ae0 <init_uart+0x70>)
  GpioInit.Alternate = GPIO_AF7_USART1;
 8001a88:	2307      	movs	r3, #7
 8001a8a:	9307      	str	r3, [sp, #28]
  __GPIOA_CLK_ENABLE();
 8001a8c:	6963      	ldr	r3, [r4, #20]
 8001a8e:	f443 3300 	orr.w	r3, r3, #131072	@ 0x20000
 8001a92:	6163      	str	r3, [r4, #20]
 8001a94:	6963      	ldr	r3, [r4, #20]
 8001a96:	f403 3300 	and.w	r3, r3, #131072	@ 0x20000
 8001a9a:	9301      	str	r3, [sp, #4]
  HAL_GPIO_Init(GPIOA, &GpioInit);
 8001a9c:	a903      	add	r1, sp, #12
 8001a9e:	f04f 4090 	mov.w	r0, #1207959552	@ 0x48000000
  __GPIOA_CLK_ENABLE();
 8001aa2:	9b01      	ldr	r3, [sp, #4]
  HAL_GPIO_Init(GPIOA, &GpioInit);
 8001aa4:	f000 fb6c 	bl	8002180 <HAL_GPIO_Init>

  UartHandle.Instance        = USART1;
 8001aa8:	480e      	ldr	r0, [pc, #56]	@ (8001ae4 <init_uart+0x74>)
  #if SS_VER==SS_VER_2_1
  UartHandle.Init.BaudRate   = 230400;
 8001aaa:	f8df c03c 	ldr.w	ip, [pc, #60]	@ 8001ae8 <init_uart+0x78>
 8001aae:	f44f 3361 	mov.w	r3, #230400	@ 0x38400
 8001ab2:	e9c0 c300 	strd	ip, r3, [r0]
  #else
  UartHandle.Init.BaudRate   = 38400;
  #endif
  UartHandle.Init.WordLength = UART_WORDLENGTH_8B;
 8001ab6:	2300      	movs	r3, #0
  UartHandle.Init.StopBits   = UART_STOPBITS_1;
 8001ab8:	e9c0 3302 	strd	r3, r3, [r0, #8]
  UartHandle.Init.Parity     = UART_PARITY_NONE;
 8001abc:	6103      	str	r3, [r0, #16]
  UartHandle.Init.HwFlowCtl  = UART_HWCONTROL_NONE;
 8001abe:	6183      	str	r3, [r0, #24]
  UartHandle.Init.Mode       = UART_MODE_TX_RX;
 8001ac0:	230c      	movs	r3, #12
 8001ac2:	6143      	str	r3, [r0, #20]
  __USART1_CLK_ENABLE();
 8001ac4:	69a3      	ldr	r3, [r4, #24]
 8001ac6:	f443 4380 	orr.w	r3, r3, #16384	@ 0x4000
 8001aca:	61a3      	str	r3, [r4, #24]
 8001acc:	69a3      	ldr	r3, [r4, #24]
 8001ace:	f403 4380 	and.w	r3, r3, #16384	@ 0x4000
 8001ad2:	9302      	str	r3, [sp, #8]
 8001ad4:	9b02      	ldr	r3, [sp, #8]
  HAL_UART_Init(&UartHandle);
 8001ad6:	f000 fd27 	bl	8002528 <HAL_UART_Init>
}
 8001ada:	b008      	add	sp, #32
 8001adc:	bd10      	pop	{r4, pc}
 8001ade:	bf00      	nop
 8001ae0:	40021000 	.word	0x40021000
 8001ae4:	20000534 	.word	0x20000534
 8001ae8:	40013800 	.word	0x40013800

08001aec <trigger_setup>:

void trigger_setup(void)
{
  __HAL_RCC_GPIOA_CLK_ENABLE();
 8001aec:	4b10      	ldr	r3, [pc, #64]	@ (8001b30 <trigger_setup+0x44>)
{
 8001aee:	b530      	push	{r4, r5, lr}
  __HAL_RCC_GPIOA_CLK_ENABLE();
 8001af0:	695a      	ldr	r2, [r3, #20]
 8001af2:	f442 3200 	orr.w	r2, r2, #131072	@ 0x20000
 8001af6:	615a      	str	r2, [r3, #20]
 8001af8:	695b      	ldr	r3, [r3, #20]
{
 8001afa:	b087      	sub	sp, #28
  __HAL_RCC_GPIOA_CLK_ENABLE();
 8001afc:	f403 3300 	and.w	r3, r3, #131072	@ 0x20000
 8001b00:	9300      	str	r3, [sp, #0]
 8001b02:	9b00      	ldr	r3, [sp, #0]

  GPIO_InitTypeDef GpioInit;
  GpioInit.Pin       = GPIO_PIN_12;
  GpioInit.Mode      = GPIO_MODE_OUTPUT_PP;
 8001b04:	f44f 5480 	mov.w	r4, #4096	@ 0x1000
 8001b08:	2301      	movs	r3, #1
 8001b0a:	e9cd 4301 	strd	r4, r3, [sp, #4]
  GpioInit.Pull      = GPIO_NOPULL;
  GpioInit.Speed     = GPIO_SPEED_FREQ_HIGH;
 8001b0e:	2500      	movs	r5, #0
 8001b10:	2303      	movs	r3, #3
  HAL_GPIO_Init(GPIOA, &GpioInit);
 8001b12:	a901      	add	r1, sp, #4
 8001b14:	f04f 4090 	mov.w	r0, #1207959552	@ 0x48000000
  GpioInit.Speed     = GPIO_SPEED_FREQ_HIGH;
 8001b18:	e9cd 5303 	strd	r5, r3, [sp, #12]
  HAL_GPIO_Init(GPIOA, &GpioInit);
 8001b1c:	f000 fb30 	bl	8002180 <HAL_GPIO_Init>

  HAL_GPIO_WritePin(GPIOA, GPIO_PIN_12, RESET);
 8001b20:	462a      	mov	r2, r5
 8001b22:	4621      	mov	r1, r4
 8001b24:	f04f 4090 	mov.w	r0, #1207959552	@ 0x48000000
 8001b28:	f000 fbe8 	bl	80022fc <HAL_GPIO_WritePin>
}
 8001b2c:	b007      	add	sp, #28
 8001b2e:	bd30      	pop	{r4, r5, pc}
 8001b30:	40021000 	.word	0x40021000

08001b34 <trigger_high>:

void trigger_high(void)
{
  HAL_GPIO_WritePin(GPIOA, GPIO_PIN_12, SET);
 8001b34:	2201      	movs	r2, #1
 8001b36:	f44f 5180 	mov.w	r1, #4096	@ 0x1000
 8001b3a:	f04f 4090 	mov.w	r0, #1207959552	@ 0x48000000
 8001b3e:	f000 bbdd 	b.w	80022fc <HAL_GPIO_WritePin>

08001b42 <trigger_low>:
}

void trigger_low(void)
{
  HAL_GPIO_WritePin(GPIOA, GPIO_PIN_12, RESET);
 8001b42:	2200      	movs	r2, #0
 8001b44:	f44f 5180 	mov.w	r1, #4096	@ 0x1000
 8001b48:	f04f 4090 	mov.w	r0, #1207959552	@ 0x48000000
 8001b4c:	f000 bbd6 	b.w	80022fc <HAL_GPIO_WritePin>

08001b50 <getch>:
}

char getch(void)
{
 8001b50:	b537      	push	{r0, r1, r2, r4, r5, lr}
  uint8_t d;
  while (HAL_UART_Receive(&UartHandle, &d, 1, 5000) != HAL_OK)
 8001b52:	4d0a      	ldr	r5, [pc, #40]	@ (8001b7c <getch+0x2c>)
    USART1->ICR |= (1 << 3);
 8001b54:	4c0a      	ldr	r4, [pc, #40]	@ (8001b80 <getch+0x30>)
  while (HAL_UART_Receive(&UartHandle, &d, 1, 5000) != HAL_OK)
 8001b56:	f241 3388 	movw	r3, #5000	@ 0x1388
 8001b5a:	2201      	movs	r2, #1
 8001b5c:	f10d 0107 	add.w	r1, sp, #7
 8001b60:	4628      	mov	r0, r5
 8001b62:	f000 fd61 	bl	8002628 <HAL_UART_Receive>
 8001b66:	b918      	cbnz	r0, 8001b70 <getch+0x20>
  //putch(d);
  return d;
}
 8001b68:	f89d 0007 	ldrb.w	r0, [sp, #7]
 8001b6c:	b003      	add	sp, #12
 8001b6e:	bd30      	pop	{r4, r5, pc}
    USART1->ICR |= (1 << 3);
 8001b70:	6a23      	ldr	r3, [r4, #32]
 8001b72:	f043 0308 	orr.w	r3, r3, #8
 8001b76:	6223      	str	r3, [r4, #32]
 8001b78:	e7ed      	b.n	8001b56 <getch+0x6>
 8001b7a:	bf00      	nop
 8001b7c:	20000534 	.word	0x20000534
 8001b80:	40013800 	.word	0x40013800

08001b84 <putch>:

void putch(char c)
{
 8001b84:	b507      	push	{r0, r1, r2, lr}
  uint8_t d  = c;
  HAL_UART_Transmit(&UartHandle,  &d, 1, 5000);
 8001b86:	f241 3388 	movw	r3, #5000	@ 0x1388
  uint8_t d  = c;
 8001b8a:	f88d 0007 	strb.w	r0, [sp, #7]
  HAL_UART_Transmit(&UartHandle,  &d, 1, 5000);
 8001b8e:	2201      	movs	r2, #1
 8001b90:	f10d 0107 	add.w	r1, sp, #7
 8001b94:	4802      	ldr	r0, [pc, #8]	@ (8001ba0 <putch+0x1c>)
 8001b96:	f000 fcf1 	bl	800257c <HAL_UART_Transmit>
}
 8001b9a:	b003      	add	sp, #12
 8001b9c:	f85d fb04 	ldr.w	pc, [sp], #4
 8001ba0:	20000534 	.word	0x20000534

08001ba4 <HAL_GetTick>:
	hal_sys_tick = 0;
	return HAL_OK;
}
uint32_t HAL_GetTick(void)
{
	return hal_sys_tick++;
 8001ba4:	4b02      	ldr	r3, [pc, #8]	@ (8001bb0 <HAL_GetTick+0xc>)
 8001ba6:	6818      	ldr	r0, [r3, #0]
 8001ba8:	1c42      	adds	r2, r0, #1
 8001baa:	601a      	str	r2, [r3, #0]
}
 8001bac:	4770      	bx	lr
 8001bae:	bf00      	nop
 8001bb0:	200005a4 	.word	0x200005a4

08001bb4 <HAL_RCC_OscConfig>:
  /* Check the parameters */
  assert_param(RCC_OscInitStruct != NULL);
  assert_param(IS_RCC_OSCILLATORTYPE(RCC_OscInitStruct->OscillatorType));

  /*------------------------------- HSE Configuration ------------------------*/ 
  if(((RCC_OscInitStruct->OscillatorType) & RCC_OSCILLATORTYPE_HSE) == RCC_OSCILLATORTYPE_HSE)
 8001bb4:	6803      	ldr	r3, [r0, #0]
{
 8001bb6:	e92d 43f7 	stmdb	sp!, {r0, r1, r2, r4, r5, r6, r7, r8, r9, lr}
  if(((RCC_OscInitStruct->OscillatorType) & RCC_OSCILLATORTYPE_HSE) == RCC_OSCILLATORTYPE_HSE)
 8001bba:	07d9      	lsls	r1, r3, #31
{
 8001bbc:	4604      	mov	r4, r0
  if(((RCC_OscInitStruct->OscillatorType) & RCC_OSCILLATORTYPE_HSE) == RCC_OSCILLATORTYPE_HSE)
 8001bbe:	d410      	bmi.n	8001be2 <HAL_RCC_OscConfig+0x2e>
        }
      }
    }
  }
  /*----------------------------- HSI Configuration --------------------------*/ 
  if(((RCC_OscInitStruct->OscillatorType) & RCC_OSCILLATORTYPE_HSI) == RCC_OSCILLATORTYPE_HSI)
 8001bc0:	6823      	ldr	r3, [r4, #0]
 8001bc2:	079a      	lsls	r2, r3, #30
 8001bc4:	d47e      	bmi.n	8001cc4 <HAL_RCC_OscConfig+0x110>
        }
      }
    }
  }
  /*------------------------------ LSI Configuration -------------------------*/ 
  if(((RCC_OscInitStruct->OscillatorType) & RCC_OSCILLATORTYPE_LSI) == RCC_OSCILLATORTYPE_LSI)
 8001bc6:	6823      	ldr	r3, [r4, #0]
 8001bc8:	071e      	lsls	r6, r3, #28
 8001bca:	f100 80e7 	bmi.w	8001d9c <HAL_RCC_OscConfig+0x1e8>
        }
      }
    }
  }
  /*------------------------------ LSE Configuration -------------------------*/ 
  if(((RCC_OscInitStruct->OscillatorType) & RCC_OSCILLATORTYPE_LSE) == RCC_OSCILLATORTYPE_LSE)
 8001bce:	6823      	ldr	r3, [r4, #0]
 8001bd0:	075d      	lsls	r5, r3, #29
 8001bd2:	f100 812a 	bmi.w	8001e2a <HAL_RCC_OscConfig+0x276>
  }

  /*-------------------------------- PLL Configuration -----------------------*/
  /* Check the parameters */
  assert_param(IS_RCC_PLL(RCC_OscInitStruct->PLL.PLLState));
  if ((RCC_OscInitStruct->PLL.PLLState) != RCC_PLL_NONE)
 8001bd6:	69e2      	ldr	r2, [r4, #28]
 8001bd8:	2a00      	cmp	r2, #0
 8001bda:	f040 81ad 	bne.w	8001f38 <HAL_RCC_OscConfig+0x384>
    {
      return HAL_ERROR;
    }
  }
  
  return HAL_OK;
 8001bde:	2000      	movs	r0, #0
 8001be0:	e01f      	b.n	8001c22 <HAL_RCC_OscConfig+0x6e>
    if((__HAL_RCC_GET_SYSCLK_SOURCE() == RCC_SYSCLKSOURCE_STATUS_HSE) 
 8001be2:	49ae      	ldr	r1, [pc, #696]	@ (8001e9c <HAL_RCC_OscConfig+0x2e8>)
 8001be4:	684b      	ldr	r3, [r1, #4]
 8001be6:	f003 030c 	and.w	r3, r3, #12
 8001bea:	2b04      	cmp	r3, #4
 8001bec:	d007      	beq.n	8001bfe <HAL_RCC_OscConfig+0x4a>
       || ((__HAL_RCC_GET_SYSCLK_SOURCE() == RCC_SYSCLKSOURCE_STATUS_PLLCLK) && (__HAL_RCC_GET_PLL_OSCSOURCE() == RCC_PLLSOURCE_HSE)))
 8001bee:	684b      	ldr	r3, [r1, #4]
 8001bf0:	f003 030c 	and.w	r3, r3, #12
 8001bf4:	2b08      	cmp	r3, #8
 8001bf6:	d117      	bne.n	8001c28 <HAL_RCC_OscConfig+0x74>
 8001bf8:	684b      	ldr	r3, [r1, #4]
 8001bfa:	03db      	lsls	r3, r3, #15
 8001bfc:	d514      	bpl.n	8001c28 <HAL_RCC_OscConfig+0x74>
__attribute__((always_inline)) __STATIC_INLINE uint32_t __RBIT(uint32_t value)
{
  uint32_t result;

#if       (__CORTEX_M >= 0x03U) || (__CORTEX_SC >= 300U)
   __ASM volatile ("rbit %0, %1" : "=r" (result) : "r" (value) );
 8001bfe:	f44f 3300 	mov.w	r3, #131072	@ 0x20000
 8001c02:	fa93 f2a3 	rbit	r2, r3
      if((__HAL_RCC_GET_FLAG(RCC_FLAG_HSERDY) != RESET) && (RCC_OscInitStruct->HSEState == RCC_HSE_OFF))
 8001c06:	6809      	ldr	r1, [r1, #0]
 8001c08:	fa93 f3a3 	rbit	r3, r3
 8001c0c:	2201      	movs	r2, #1
 8001c0e:	fab3 f383 	clz	r3, r3
 8001c12:	fa02 f303 	lsl.w	r3, r2, r3
 8001c16:	420b      	tst	r3, r1
 8001c18:	d0d2      	beq.n	8001bc0 <HAL_RCC_OscConfig+0xc>
 8001c1a:	6863      	ldr	r3, [r4, #4]
 8001c1c:	2b00      	cmp	r3, #0
 8001c1e:	d1cf      	bne.n	8001bc0 <HAL_RCC_OscConfig+0xc>
        return HAL_ERROR;
 8001c20:	2001      	movs	r0, #1
}
 8001c22:	b003      	add	sp, #12
 8001c24:	e8bd 83f0 	ldmia.w	sp!, {r4, r5, r6, r7, r8, r9, pc}
      __HAL_RCC_HSE_CONFIG(RCC_OscInitStruct->HSEState);
 8001c28:	6862      	ldr	r2, [r4, #4]
 8001c2a:	f5b2 3f80 	cmp.w	r2, #65536	@ 0x10000
 8001c2e:	d122      	bne.n	8001c76 <HAL_RCC_OscConfig+0xc2>
 8001c30:	680b      	ldr	r3, [r1, #0]
 8001c32:	f443 3380 	orr.w	r3, r3, #65536	@ 0x10000
 8001c36:	600b      	str	r3, [r1, #0]
      __HAL_RCC_HSE_PREDIV_CONFIG(RCC_OscInitStruct->HSEPredivValue);
 8001c38:	6acb      	ldr	r3, [r1, #44]	@ 0x2c
 8001c3a:	68a0      	ldr	r0, [r4, #8]
 8001c3c:	f023 030f 	bic.w	r3, r3, #15
 8001c40:	4303      	orrs	r3, r0
 8001c42:	62cb      	str	r3, [r1, #44]	@ 0x2c
      if(RCC_OscInitStruct->HSEState != RCC_HSE_OFF)
 8001c44:	b33a      	cbz	r2, 8001c96 <HAL_RCC_OscConfig+0xe2>
        tickstart = HAL_GetTick();
 8001c46:	f7ff ffad 	bl	8001ba4 <HAL_GetTick>
 8001c4a:	f44f 3600 	mov.w	r6, #131072	@ 0x20000
 8001c4e:	4605      	mov	r5, r0
        while(__HAL_RCC_GET_FLAG(RCC_FLAG_HSERDY) == RESET)
 8001c50:	2701      	movs	r7, #1
 8001c52:	fa96 f3a6 	rbit	r3, r6
 8001c56:	680a      	ldr	r2, [r1, #0]
 8001c58:	fa96 f3a6 	rbit	r3, r6
 8001c5c:	fab3 f383 	clz	r3, r3
 8001c60:	fa07 f303 	lsl.w	r3, r7, r3
 8001c64:	4213      	tst	r3, r2
 8001c66:	d1ab      	bne.n	8001bc0 <HAL_RCC_OscConfig+0xc>
          if((HAL_GetTick() - tickstart ) > HSE_TIMEOUT_VALUE)
 8001c68:	f7ff ff9c 	bl	8001ba4 <HAL_GetTick>
 8001c6c:	1b40      	subs	r0, r0, r5
 8001c6e:	2864      	cmp	r0, #100	@ 0x64
 8001c70:	d9ef      	bls.n	8001c52 <HAL_RCC_OscConfig+0x9e>
            return HAL_TIMEOUT;
 8001c72:	2003      	movs	r0, #3
 8001c74:	e7d5      	b.n	8001c22 <HAL_RCC_OscConfig+0x6e>
      __HAL_RCC_HSE_CONFIG(RCC_OscInitStruct->HSEState);
 8001c76:	680b      	ldr	r3, [r1, #0]
 8001c78:	b932      	cbnz	r2, 8001c88 <HAL_RCC_OscConfig+0xd4>
 8001c7a:	f423 3380 	bic.w	r3, r3, #65536	@ 0x10000
 8001c7e:	600b      	str	r3, [r1, #0]
 8001c80:	680b      	ldr	r3, [r1, #0]
 8001c82:	f423 2380 	bic.w	r3, r3, #262144	@ 0x40000
 8001c86:	e7d6      	b.n	8001c36 <HAL_RCC_OscConfig+0x82>
 8001c88:	f5b2 2fa0 	cmp.w	r2, #327680	@ 0x50000
 8001c8c:	d1f5      	bne.n	8001c7a <HAL_RCC_OscConfig+0xc6>
 8001c8e:	f443 2380 	orr.w	r3, r3, #262144	@ 0x40000
 8001c92:	600b      	str	r3, [r1, #0]
 8001c94:	e7cc      	b.n	8001c30 <HAL_RCC_OscConfig+0x7c>
        tickstart = HAL_GetTick();
 8001c96:	f7ff ff85 	bl	8001ba4 <HAL_GetTick>
 8001c9a:	f44f 3600 	mov.w	r6, #131072	@ 0x20000
 8001c9e:	4605      	mov	r5, r0
        while(__HAL_RCC_GET_FLAG(RCC_FLAG_HSERDY) != RESET)
 8001ca0:	2701      	movs	r7, #1
 8001ca2:	fa96 f3a6 	rbit	r3, r6
 8001ca6:	680a      	ldr	r2, [r1, #0]
 8001ca8:	fa96 f3a6 	rbit	r3, r6
 8001cac:	fab3 f383 	clz	r3, r3
 8001cb0:	fa07 f303 	lsl.w	r3, r7, r3
 8001cb4:	4213      	tst	r3, r2
 8001cb6:	d083      	beq.n	8001bc0 <HAL_RCC_OscConfig+0xc>
           if((HAL_GetTick() - tickstart ) > HSE_TIMEOUT_VALUE)
 8001cb8:	f7ff ff74 	bl	8001ba4 <HAL_GetTick>
 8001cbc:	1b40      	subs	r0, r0, r5
 8001cbe:	2864      	cmp	r0, #100	@ 0x64
 8001cc0:	d9ef      	bls.n	8001ca2 <HAL_RCC_OscConfig+0xee>
 8001cc2:	e7d6      	b.n	8001c72 <HAL_RCC_OscConfig+0xbe>
    if((__HAL_RCC_GET_SYSCLK_SOURCE() == RCC_SYSCLKSOURCE_STATUS_HSI) 
 8001cc4:	4975      	ldr	r1, [pc, #468]	@ (8001e9c <HAL_RCC_OscConfig+0x2e8>)
 8001cc6:	684b      	ldr	r3, [r1, #4]
 8001cc8:	f013 0f0c 	tst.w	r3, #12
 8001ccc:	d007      	beq.n	8001cde <HAL_RCC_OscConfig+0x12a>
       || ((__HAL_RCC_GET_SYSCLK_SOURCE() == RCC_SYSCLKSOURCE_STATUS_PLLCLK) && (__HAL_RCC_GET_PLL_OSCSOURCE() == RCC_PLLSOURCE_HSI)))
 8001cce:	684b      	ldr	r3, [r1, #4]
 8001cd0:	f003 030c 	and.w	r3, r3, #12
 8001cd4:	2b08      	cmp	r3, #8
 8001cd6:	d11f      	bne.n	8001d18 <HAL_RCC_OscConfig+0x164>
 8001cd8:	684b      	ldr	r3, [r1, #4]
 8001cda:	03df      	lsls	r7, r3, #15
 8001cdc:	d41c      	bmi.n	8001d18 <HAL_RCC_OscConfig+0x164>
 8001cde:	2302      	movs	r3, #2
 8001ce0:	fa93 f2a3 	rbit	r2, r3
      if((__HAL_RCC_GET_FLAG(RCC_FLAG_HSIRDY) != RESET) && (RCC_OscInitStruct->HSIState != RCC_HSI_ON))
 8001ce4:	6808      	ldr	r0, [r1, #0]
 8001ce6:	fa93 f3a3 	rbit	r3, r3
 8001cea:	2201      	movs	r2, #1
 8001cec:	fab3 f383 	clz	r3, r3
 8001cf0:	fa02 f303 	lsl.w	r3, r2, r3
 8001cf4:	4203      	tst	r3, r0
 8001cf6:	d002      	beq.n	8001cfe <HAL_RCC_OscConfig+0x14a>
 8001cf8:	6923      	ldr	r3, [r4, #16]
 8001cfa:	4293      	cmp	r3, r2
 8001cfc:	d190      	bne.n	8001c20 <HAL_RCC_OscConfig+0x6c>
        __HAL_RCC_HSI_CALIBRATIONVALUE_ADJUST(RCC_OscInitStruct->HSICalibrationValue);
 8001cfe:	6808      	ldr	r0, [r1, #0]
 8001d00:	22f8      	movs	r2, #248	@ 0xf8
 8001d02:	fa92 f2a2 	rbit	r2, r2
 8001d06:	6963      	ldr	r3, [r4, #20]
 8001d08:	fab2 f282 	clz	r2, r2
 8001d0c:	4093      	lsls	r3, r2
 8001d0e:	f020 02f8 	bic.w	r2, r0, #248	@ 0xf8
 8001d12:	4313      	orrs	r3, r2
 8001d14:	600b      	str	r3, [r1, #0]
 8001d16:	e756      	b.n	8001bc6 <HAL_RCC_OscConfig+0x12>
      if(RCC_OscInitStruct->HSIState != RCC_HSI_OFF)
 8001d18:	6922      	ldr	r2, [r4, #16]
 8001d1a:	2501      	movs	r5, #1
 8001d1c:	b1f2      	cbz	r2, 8001d5c <HAL_RCC_OscConfig+0x1a8>
 8001d1e:	fa95 f3a5 	rbit	r3, r5
        __HAL_RCC_HSI_ENABLE();
 8001d22:	fab3 f383 	clz	r3, r3
 8001d26:	f103 5384 	add.w	r3, r3, #276824064	@ 0x10800000
 8001d2a:	f503 1384 	add.w	r3, r3, #1081344	@ 0x108000
 8001d2e:	009b      	lsls	r3, r3, #2
 8001d30:	2702      	movs	r7, #2
 8001d32:	601d      	str	r5, [r3, #0]
        tickstart = HAL_GetTick();
 8001d34:	f7ff ff36 	bl	8001ba4 <HAL_GetTick>
 8001d38:	4606      	mov	r6, r0
 8001d3a:	fa97 f3a7 	rbit	r3, r7
        while(__HAL_RCC_GET_FLAG(RCC_FLAG_HSIRDY) == RESET)
 8001d3e:	680a      	ldr	r2, [r1, #0]
 8001d40:	fa97 f3a7 	rbit	r3, r7
 8001d44:	fab3 f383 	clz	r3, r3
 8001d48:	fa05 f303 	lsl.w	r3, r5, r3
 8001d4c:	4213      	tst	r3, r2
 8001d4e:	d1d6      	bne.n	8001cfe <HAL_RCC_OscConfig+0x14a>
          if((HAL_GetTick() - tickstart ) > HSI_TIMEOUT_VALUE)
 8001d50:	f7ff ff28 	bl	8001ba4 <HAL_GetTick>
 8001d54:	1b80      	subs	r0, r0, r6
 8001d56:	2802      	cmp	r0, #2
 8001d58:	d9ef      	bls.n	8001d3a <HAL_RCC_OscConfig+0x186>
 8001d5a:	e78a      	b.n	8001c72 <HAL_RCC_OscConfig+0xbe>
 8001d5c:	fa95 f3a5 	rbit	r3, r5
        __HAL_RCC_HSI_DISABLE();
 8001d60:	fab3 f383 	clz	r3, r3
 8001d64:	f103 5384 	add.w	r3, r3, #276824064	@ 0x10800000
 8001d68:	f503 1384 	add.w	r3, r3, #1081344	@ 0x108000
 8001d6c:	009b      	lsls	r3, r3, #2
 8001d6e:	2702      	movs	r7, #2
 8001d70:	601a      	str	r2, [r3, #0]
        tickstart = HAL_GetTick();
 8001d72:	f7ff ff17 	bl	8001ba4 <HAL_GetTick>
 8001d76:	4606      	mov	r6, r0
 8001d78:	fa97 f3a7 	rbit	r3, r7
        while(__HAL_RCC_GET_FLAG(RCC_FLAG_HSIRDY) != RESET)
 8001d7c:	680a      	ldr	r2, [r1, #0]
 8001d7e:	fa97 f3a7 	rbit	r3, r7
 8001d82:	fab3 f383 	clz	r3, r3
 8001d86:	fa05 f303 	lsl.w	r3, r5, r3
 8001d8a:	4213      	tst	r3, r2
 8001d8c:	f43f af1b 	beq.w	8001bc6 <HAL_RCC_OscConfig+0x12>
          if((HAL_GetTick() - tickstart ) > HSI_TIMEOUT_VALUE)
 8001d90:	f7ff ff08 	bl	8001ba4 <HAL_GetTick>
 8001d94:	1b80      	subs	r0, r0, r6
 8001d96:	2802      	cmp	r0, #2
 8001d98:	d9ee      	bls.n	8001d78 <HAL_RCC_OscConfig+0x1c4>
 8001d9a:	e76a      	b.n	8001c72 <HAL_RCC_OscConfig+0xbe>
    if(RCC_OscInitStruct->LSIState != RCC_LSI_OFF)
 8001d9c:	69a2      	ldr	r2, [r4, #24]
 8001d9e:	4d3f      	ldr	r5, [pc, #252]	@ (8001e9c <HAL_RCC_OscConfig+0x2e8>)
 8001da0:	483f      	ldr	r0, [pc, #252]	@ (8001ea0 <HAL_RCC_OscConfig+0x2ec>)
 8001da2:	2101      	movs	r1, #1
 8001da4:	b302      	cbz	r2, 8001de8 <HAL_RCC_OscConfig+0x234>
 8001da6:	fa91 f3a1 	rbit	r3, r1
      __HAL_RCC_LSI_ENABLE();
 8001daa:	fab3 f383 	clz	r3, r3
 8001dae:	4403      	add	r3, r0
 8001db0:	009b      	lsls	r3, r3, #2
 8001db2:	2602      	movs	r6, #2
 8001db4:	6019      	str	r1, [r3, #0]
      tickstart = HAL_GetTick();
 8001db6:	f7ff fef5 	bl	8001ba4 <HAL_GetTick>
 8001dba:	4607      	mov	r7, r0
 8001dbc:	fa96 f3a6 	rbit	r3, r6
 8001dc0:	fa96 f3a6 	rbit	r3, r6
 8001dc4:	fa96 f3a6 	rbit	r3, r6
      while(__HAL_RCC_GET_FLAG(RCC_FLAG_LSIRDY) == RESET)
 8001dc8:	6a6a      	ldr	r2, [r5, #36]	@ 0x24
 8001dca:	fa96 f3a6 	rbit	r3, r6
 8001dce:	fab3 f383 	clz	r3, r3
 8001dd2:	fa01 f303 	lsl.w	r3, r1, r3
 8001dd6:	4213      	tst	r3, r2
 8001dd8:	f47f aef9 	bne.w	8001bce <HAL_RCC_OscConfig+0x1a>
        if((HAL_GetTick() - tickstart ) > LSI_TIMEOUT_VALUE)
 8001ddc:	f7ff fee2 	bl	8001ba4 <HAL_GetTick>
 8001de0:	1bc0      	subs	r0, r0, r7
 8001de2:	2802      	cmp	r0, #2
 8001de4:	d9ea      	bls.n	8001dbc <HAL_RCC_OscConfig+0x208>
 8001de6:	e744      	b.n	8001c72 <HAL_RCC_OscConfig+0xbe>
 8001de8:	fa91 f3a1 	rbit	r3, r1
      __HAL_RCC_LSI_DISABLE();
 8001dec:	fab3 f383 	clz	r3, r3
 8001df0:	4403      	add	r3, r0
 8001df2:	009b      	lsls	r3, r3, #2
 8001df4:	2602      	movs	r6, #2
 8001df6:	601a      	str	r2, [r3, #0]
      tickstart = HAL_GetTick();
 8001df8:	f7ff fed4 	bl	8001ba4 <HAL_GetTick>
 8001dfc:	4607      	mov	r7, r0
 8001dfe:	fa96 f3a6 	rbit	r3, r6
 8001e02:	fa96 f3a6 	rbit	r3, r6
 8001e06:	fa96 f3a6 	rbit	r3, r6
      while(__HAL_RCC_GET_FLAG(RCC_FLAG_LSIRDY) != RESET)
 8001e0a:	6a6a      	ldr	r2, [r5, #36]	@ 0x24
 8001e0c:	fa96 f3a6 	rbit	r3, r6
 8001e10:	fab3 f383 	clz	r3, r3
 8001e14:	fa01 f303 	lsl.w	r3, r1, r3
 8001e18:	4213      	tst	r3, r2
 8001e1a:	f43f aed8 	beq.w	8001bce <HAL_RCC_OscConfig+0x1a>
        if((HAL_GetTick() - tickstart ) > LSI_TIMEOUT_VALUE)
 8001e1e:	f7ff fec1 	bl	8001ba4 <HAL_GetTick>
 8001e22:	1bc0      	subs	r0, r0, r7
 8001e24:	2802      	cmp	r0, #2
 8001e26:	d9ea      	bls.n	8001dfe <HAL_RCC_OscConfig+0x24a>
 8001e28:	e723      	b.n	8001c72 <HAL_RCC_OscConfig+0xbe>
    if(__HAL_RCC_PWR_IS_CLK_DISABLED())
 8001e2a:	491c      	ldr	r1, [pc, #112]	@ (8001e9c <HAL_RCC_OscConfig+0x2e8>)
 8001e2c:	69cb      	ldr	r3, [r1, #28]
 8001e2e:	00d8      	lsls	r0, r3, #3
 8001e30:	d431      	bmi.n	8001e96 <HAL_RCC_OscConfig+0x2e2>
      __HAL_RCC_PWR_CLK_ENABLE();
 8001e32:	69cb      	ldr	r3, [r1, #28]
 8001e34:	f043 5380 	orr.w	r3, r3, #268435456	@ 0x10000000
 8001e38:	61cb      	str	r3, [r1, #28]
 8001e3a:	69cb      	ldr	r3, [r1, #28]
 8001e3c:	f003 5380 	and.w	r3, r3, #268435456	@ 0x10000000
 8001e40:	9301      	str	r3, [sp, #4]
 8001e42:	9b01      	ldr	r3, [sp, #4]
      pwrclkchanged = SET;
 8001e44:	2501      	movs	r5, #1
    if(HAL_IS_BIT_CLR(PWR->CR, PWR_CR_DBP))
 8001e46:	4e17      	ldr	r6, [pc, #92]	@ (8001ea4 <HAL_RCC_OscConfig+0x2f0>)
 8001e48:	6833      	ldr	r3, [r6, #0]
 8001e4a:	05da      	lsls	r2, r3, #23
 8001e4c:	d52c      	bpl.n	8001ea8 <HAL_RCC_OscConfig+0x2f4>
    __HAL_RCC_LSE_CONFIG(RCC_OscInitStruct->LSEState);
 8001e4e:	68e3      	ldr	r3, [r4, #12]
 8001e50:	2b01      	cmp	r3, #1
 8001e52:	d139      	bne.n	8001ec8 <HAL_RCC_OscConfig+0x314>
 8001e54:	6a0b      	ldr	r3, [r1, #32]
 8001e56:	f043 0301 	orr.w	r3, r3, #1
 8001e5a:	620b      	str	r3, [r1, #32]
      tickstart = HAL_GetTick();
 8001e5c:	f7ff fea2 	bl	8001ba4 <HAL_GetTick>
 8001e60:	2602      	movs	r6, #2
 8001e62:	4607      	mov	r7, r0
      while(__HAL_RCC_GET_FLAG(RCC_FLAG_LSERDY) == RESET)
 8001e64:	f04f 0801 	mov.w	r8, #1
        if((HAL_GetTick() - tickstart ) > RCC_LSE_TIMEOUT_VALUE)
 8001e68:	f241 3988 	movw	r9, #5000	@ 0x1388
 8001e6c:	fa96 f3a6 	rbit	r3, r6
 8001e70:	fa96 f3a6 	rbit	r3, r6
      while(__HAL_RCC_GET_FLAG(RCC_FLAG_LSERDY) == RESET)
 8001e74:	6a0a      	ldr	r2, [r1, #32]
 8001e76:	fa96 f3a6 	rbit	r3, r6
 8001e7a:	fab3 f383 	clz	r3, r3
 8001e7e:	fa08 f303 	lsl.w	r3, r8, r3
 8001e82:	4213      	tst	r3, r2
 8001e84:	d052      	beq.n	8001f2c <HAL_RCC_OscConfig+0x378>
    if(pwrclkchanged == SET)
 8001e86:	2d00      	cmp	r5, #0
 8001e88:	f43f aea5 	beq.w	8001bd6 <HAL_RCC_OscConfig+0x22>
      __HAL_RCC_PWR_CLK_DISABLE();
 8001e8c:	69cb      	ldr	r3, [r1, #28]
 8001e8e:	f023 5380 	bic.w	r3, r3, #268435456	@ 0x10000000
 8001e92:	61cb      	str	r3, [r1, #28]
 8001e94:	e69f      	b.n	8001bd6 <HAL_RCC_OscConfig+0x22>
    FlagStatus       pwrclkchanged = RESET;
 8001e96:	2500      	movs	r5, #0
 8001e98:	e7d5      	b.n	8001e46 <HAL_RCC_OscConfig+0x292>
 8001e9a:	bf00      	nop
 8001e9c:	40021000 	.word	0x40021000
 8001ea0:	10908120 	.word	0x10908120
 8001ea4:	40007000 	.word	0x40007000
      SET_BIT(PWR->CR, PWR_CR_DBP);
 8001ea8:	6833      	ldr	r3, [r6, #0]
 8001eaa:	f443 7380 	orr.w	r3, r3, #256	@ 0x100
 8001eae:	6033      	str	r3, [r6, #0]
      tickstart = HAL_GetTick();
 8001eb0:	f7ff fe78 	bl	8001ba4 <HAL_GetTick>
 8001eb4:	4607      	mov	r7, r0
      while(HAL_IS_BIT_CLR(PWR->CR, PWR_CR_DBP))
 8001eb6:	6833      	ldr	r3, [r6, #0]
 8001eb8:	05db      	lsls	r3, r3, #23
 8001eba:	d4c8      	bmi.n	8001e4e <HAL_RCC_OscConfig+0x29a>
        if((HAL_GetTick() - tickstart) > RCC_DBP_TIMEOUT_VALUE)
 8001ebc:	f7ff fe72 	bl	8001ba4 <HAL_GetTick>
 8001ec0:	1bc0      	subs	r0, r0, r7
 8001ec2:	2864      	cmp	r0, #100	@ 0x64
 8001ec4:	d9f7      	bls.n	8001eb6 <HAL_RCC_OscConfig+0x302>
 8001ec6:	e6d4      	b.n	8001c72 <HAL_RCC_OscConfig+0xbe>
    __HAL_RCC_LSE_CONFIG(RCC_OscInitStruct->LSEState);
 8001ec8:	bb13      	cbnz	r3, 8001f10 <HAL_RCC_OscConfig+0x35c>
 8001eca:	6a0b      	ldr	r3, [r1, #32]
 8001ecc:	f023 0301 	bic.w	r3, r3, #1
 8001ed0:	620b      	str	r3, [r1, #32]
 8001ed2:	6a0b      	ldr	r3, [r1, #32]
 8001ed4:	f023 0304 	bic.w	r3, r3, #4
 8001ed8:	620b      	str	r3, [r1, #32]
      tickstart = HAL_GetTick();
 8001eda:	f7ff fe63 	bl	8001ba4 <HAL_GetTick>
 8001ede:	2602      	movs	r6, #2
 8001ee0:	4607      	mov	r7, r0
      while(__HAL_RCC_GET_FLAG(RCC_FLAG_LSERDY) != RESET)
 8001ee2:	f04f 0801 	mov.w	r8, #1
        if((HAL_GetTick() - tickstart ) > RCC_LSE_TIMEOUT_VALUE)
 8001ee6:	f241 3988 	movw	r9, #5000	@ 0x1388
 8001eea:	fa96 f3a6 	rbit	r3, r6
 8001eee:	fa96 f3a6 	rbit	r3, r6
      while(__HAL_RCC_GET_FLAG(RCC_FLAG_LSERDY) != RESET)
 8001ef2:	6a0a      	ldr	r2, [r1, #32]
 8001ef4:	fa96 f3a6 	rbit	r3, r6
 8001ef8:	fab3 f383 	clz	r3, r3
 8001efc:	fa08 f303 	lsl.w	r3, r8, r3
 8001f00:	4213      	tst	r3, r2
 8001f02:	d0c0      	beq.n	8001e86 <HAL_RCC_OscConfig+0x2d2>
        if((HAL_GetTick() - tickstart ) > RCC_LSE_TIMEOUT_VALUE)
 8001f04:	f7ff fe4e 	bl	8001ba4 <HAL_GetTick>
 8001f08:	1bc0      	subs	r0, r0, r7
 8001f0a:	4548      	cmp	r0, r9
 8001f0c:	d9ed      	bls.n	8001eea <HAL_RCC_OscConfig+0x336>
 8001f0e:	e6b0      	b.n	8001c72 <HAL_RCC_OscConfig+0xbe>
    __HAL_RCC_LSE_CONFIG(RCC_OscInitStruct->LSEState);
 8001f10:	2b05      	cmp	r3, #5
 8001f12:	6a0b      	ldr	r3, [r1, #32]
 8001f14:	d103      	bne.n	8001f1e <HAL_RCC_OscConfig+0x36a>
 8001f16:	f043 0304 	orr.w	r3, r3, #4
 8001f1a:	620b      	str	r3, [r1, #32]
 8001f1c:	e79a      	b.n	8001e54 <HAL_RCC_OscConfig+0x2a0>
 8001f1e:	f023 0301 	bic.w	r3, r3, #1
 8001f22:	620b      	str	r3, [r1, #32]
 8001f24:	6a0b      	ldr	r3, [r1, #32]
 8001f26:	f023 0304 	bic.w	r3, r3, #4
 8001f2a:	e796      	b.n	8001e5a <HAL_RCC_OscConfig+0x2a6>
        if((HAL_GetTick() - tickstart ) > RCC_LSE_TIMEOUT_VALUE)
 8001f2c:	f7ff fe3a 	bl	8001ba4 <HAL_GetTick>
 8001f30:	1bc0      	subs	r0, r0, r7
 8001f32:	4548      	cmp	r0, r9
 8001f34:	d99a      	bls.n	8001e6c <HAL_RCC_OscConfig+0x2b8>
 8001f36:	e69c      	b.n	8001c72 <HAL_RCC_OscConfig+0xbe>
    if(__HAL_RCC_GET_SYSCLK_SOURCE() != RCC_SYSCLKSOURCE_STATUS_PLLCLK)
 8001f38:	493f      	ldr	r1, [pc, #252]	@ (8002038 <HAL_RCC_OscConfig+0x484>)
 8001f3a:	684b      	ldr	r3, [r1, #4]
 8001f3c:	f003 030c 	and.w	r3, r3, #12
 8001f40:	2b08      	cmp	r3, #8
 8001f42:	f43f ae6d 	beq.w	8001c20 <HAL_RCC_OscConfig+0x6c>
      if((RCC_OscInitStruct->PLL.PLLState) == RCC_PLL_ON)
 8001f46:	2a02      	cmp	r2, #2
 8001f48:	f04f 7380 	mov.w	r3, #16777216	@ 0x1000000
 8001f4c:	d150      	bne.n	8001ff0 <HAL_RCC_OscConfig+0x43c>
 8001f4e:	fa93 f3a3 	rbit	r3, r3
        __HAL_RCC_PLL_DISABLE();
 8001f52:	fab3 f383 	clz	r3, r3
 8001f56:	f103 5384 	add.w	r3, r3, #276824064	@ 0x10800000
 8001f5a:	f503 1384 	add.w	r3, r3, #1081344	@ 0x108000
 8001f5e:	009b      	lsls	r3, r3, #2
 8001f60:	2200      	movs	r2, #0
 8001f62:	601a      	str	r2, [r3, #0]
        tickstart = HAL_GetTick();
 8001f64:	f7ff fe1e 	bl	8001ba4 <HAL_GetTick>
          if((HAL_GetTick() - tickstart ) > PLL_TIMEOUT_VALUE)
 8001f68:	f8df 80d0 	ldr.w	r8, [pc, #208]	@ 800203c <HAL_RCC_OscConfig+0x488>
        tickstart = HAL_GetTick();
 8001f6c:	4606      	mov	r6, r0
 8001f6e:	f04f 7700 	mov.w	r7, #33554432	@ 0x2000000
        while(__HAL_RCC_GET_FLAG(RCC_FLAG_PLLRDY)  != RESET)
 8001f72:	2501      	movs	r5, #1
 8001f74:	fa97 f3a7 	rbit	r3, r7
 8001f78:	680a      	ldr	r2, [r1, #0]
 8001f7a:	fa97 f3a7 	rbit	r3, r7
 8001f7e:	fab3 f383 	clz	r3, r3
 8001f82:	fa05 f303 	lsl.w	r3, r5, r3
 8001f86:	4213      	tst	r3, r2
 8001f88:	d12c      	bne.n	8001fe4 <HAL_RCC_OscConfig+0x430>
      __HAL_RCC_PLL_CONFIG(RCC_OscInitStruct->PLL.PLLSource,
 8001f8a:	e9d4 0308 	ldrd	r0, r3, [r4, #32]
 8001f8e:	684a      	ldr	r2, [r1, #4]
 8001f90:	4303      	orrs	r3, r0
 8001f92:	f422 1274 	bic.w	r2, r2, #3997696	@ 0x3d0000
 8001f96:	4313      	orrs	r3, r2
 8001f98:	604b      	str	r3, [r1, #4]
 8001f9a:	f04f 7380 	mov.w	r3, #16777216	@ 0x1000000
 8001f9e:	fa93 f3a3 	rbit	r3, r3
        __HAL_RCC_PLL_ENABLE();
 8001fa2:	fab3 f383 	clz	r3, r3
 8001fa6:	f103 5384 	add.w	r3, r3, #276824064	@ 0x10800000
 8001faa:	f503 1384 	add.w	r3, r3, #1081344	@ 0x108000
 8001fae:	009b      	lsls	r3, r3, #2
          if((HAL_GetTick() - tickstart ) > PLL_TIMEOUT_VALUE)
 8001fb0:	4f22      	ldr	r7, [pc, #136]	@ (800203c <HAL_RCC_OscConfig+0x488>)
        __HAL_RCC_PLL_ENABLE();
 8001fb2:	601d      	str	r5, [r3, #0]
        tickstart = HAL_GetTick();
 8001fb4:	f7ff fdf6 	bl	8001ba4 <HAL_GetTick>
 8001fb8:	f04f 7500 	mov.w	r5, #33554432	@ 0x2000000
 8001fbc:	4604      	mov	r4, r0
        while(__HAL_RCC_GET_FLAG(RCC_FLAG_PLLRDY)  == RESET)
 8001fbe:	2601      	movs	r6, #1
 8001fc0:	fa95 f3a5 	rbit	r3, r5
 8001fc4:	680a      	ldr	r2, [r1, #0]
 8001fc6:	fa95 f3a5 	rbit	r3, r5
 8001fca:	fab3 f383 	clz	r3, r3
 8001fce:	fa06 f303 	lsl.w	r3, r6, r3
 8001fd2:	4213      	tst	r3, r2
 8001fd4:	f47f ae03 	bne.w	8001bde <HAL_RCC_OscConfig+0x2a>
          if((HAL_GetTick() - tickstart ) > PLL_TIMEOUT_VALUE)
 8001fd8:	f7ff fde4 	bl	8001ba4 <HAL_GetTick>
 8001fdc:	1b00      	subs	r0, r0, r4
 8001fde:	42b8      	cmp	r0, r7
 8001fe0:	d9ee      	bls.n	8001fc0 <HAL_RCC_OscConfig+0x40c>
 8001fe2:	e646      	b.n	8001c72 <HAL_RCC_OscConfig+0xbe>
          if((HAL_GetTick() - tickstart ) > PLL_TIMEOUT_VALUE)
 8001fe4:	f7ff fdde 	bl	8001ba4 <HAL_GetTick>
 8001fe8:	1b83      	subs	r3, r0, r6
 8001fea:	4543      	cmp	r3, r8
 8001fec:	d9c2      	bls.n	8001f74 <HAL_RCC_OscConfig+0x3c0>
 8001fee:	e640      	b.n	8001c72 <HAL_RCC_OscConfig+0xbe>
 8001ff0:	fa93 f3a3 	rbit	r3, r3
        __HAL_RCC_PLL_DISABLE();
 8001ff4:	fab3 f383 	clz	r3, r3
 8001ff8:	f103 5384 	add.w	r3, r3, #276824064	@ 0x10800000
 8001ffc:	f503 1384 	add.w	r3, r3, #1081344	@ 0x108000
 8002000:	009b      	lsls	r3, r3, #2
 8002002:	2200      	movs	r2, #0
 8002004:	601a      	str	r2, [r3, #0]
        tickstart = HAL_GetTick();
 8002006:	f7ff fdcd 	bl	8001ba4 <HAL_GetTick>
          if((HAL_GetTick() - tickstart ) > PLL_TIMEOUT_VALUE)
 800200a:	4f0c      	ldr	r7, [pc, #48]	@ (800203c <HAL_RCC_OscConfig+0x488>)
        tickstart = HAL_GetTick();
 800200c:	4604      	mov	r4, r0
 800200e:	f04f 7500 	mov.w	r5, #33554432	@ 0x2000000
        while(__HAL_RCC_GET_FLAG(RCC_FLAG_PLLRDY)  != RESET)
 8002012:	2601      	movs	r6, #1
 8002014:	fa95 f3a5 	rbit	r3, r5
 8002018:	680a      	ldr	r2, [r1, #0]
 800201a:	fa95 f3a5 	rbit	r3, r5
 800201e:	fab3 f383 	clz	r3, r3
 8002022:	fa06 f303 	lsl.w	r3, r6, r3
 8002026:	4213      	tst	r3, r2
 8002028:	f43f add9 	beq.w	8001bde <HAL_RCC_OscConfig+0x2a>
          if((HAL_GetTick() - tickstart ) > PLL_TIMEOUT_VALUE)
 800202c:	f7ff fdba 	bl	8001ba4 <HAL_GetTick>
 8002030:	1b00      	subs	r0, r0, r4
 8002032:	42b8      	cmp	r0, r7
 8002034:	d9ee      	bls.n	8002014 <HAL_RCC_OscConfig+0x460>
 8002036:	e61c      	b.n	8001c72 <HAL_RCC_OscConfig+0xbe>
 8002038:	40021000 	.word	0x40021000
 800203c:	00030d40 	.word	0x00030d40

08002040 <HAL_RCC_ClockConfig>:
  /* To correctly read data from FLASH memory, the number of wait states (LATENCY) 
  must be correctly programmed according to the frequency of the CPU clock 
    (HCLK) of the device. */

  /* Increasing the number of wait states because of higher CPU frequency */
  if(FLatency > (FLASH->ACR & FLASH_ACR_LATENCY))
 8002040:	4a4d      	ldr	r2, [pc, #308]	@ (8002178 <HAL_RCC_ClockConfig+0x138>)
{
 8002042:	b5f8      	push	{r3, r4, r5, r6, r7, lr}
  if(FLatency > (FLASH->ACR & FLASH_ACR_LATENCY))
 8002044:	6813      	ldr	r3, [r2, #0]
 8002046:	f003 0307 	and.w	r3, r3, #7
 800204a:	428b      	cmp	r3, r1
{
 800204c:	4604      	mov	r4, r0
  if(FLatency > (FLASH->ACR & FLASH_ACR_LATENCY))
 800204e:	d311      	bcc.n	8002074 <HAL_RCC_ClockConfig+0x34>
      return HAL_ERROR;
    }
  }

  /*-------------------------- HCLK Configuration --------------------------*/
  if(((RCC_ClkInitStruct->ClockType) & RCC_CLOCKTYPE_HCLK) == RCC_CLOCKTYPE_HCLK)
 8002050:	6822      	ldr	r2, [r4, #0]
 8002052:	0795      	lsls	r5, r2, #30
 8002054:	d41a      	bmi.n	800208c <HAL_RCC_ClockConfig+0x4c>
    assert_param(IS_RCC_HCLK(RCC_ClkInitStruct->AHBCLKDivider));
    MODIFY_REG(RCC->CFGR, RCC_CFGR_HPRE, RCC_ClkInitStruct->AHBCLKDivider);
  }

  /*------------------------- SYSCLK Configuration ---------------------------*/ 
  if(((RCC_ClkInitStruct->ClockType) & RCC_CLOCKTYPE_SYSCLK) == RCC_CLOCKTYPE_SYSCLK)
 8002056:	07d0      	lsls	r0, r2, #31
 8002058:	d420      	bmi.n	800209c <HAL_RCC_ClockConfig+0x5c>
        }
      }
    }      
  }    
  /* Decreasing the number of wait states because of lower CPU frequency */
  if(FLatency < (FLASH->ACR & FLASH_ACR_LATENCY))
 800205a:	4a47      	ldr	r2, [pc, #284]	@ (8002178 <HAL_RCC_ClockConfig+0x138>)
 800205c:	6813      	ldr	r3, [r2, #0]
 800205e:	f003 0307 	and.w	r3, r3, #7
 8002062:	428b      	cmp	r3, r1
 8002064:	d86c      	bhi.n	8002140 <HAL_RCC_ClockConfig+0x100>
      return HAL_ERROR;
    }
  }    

  /*-------------------------- PCLK1 Configuration ---------------------------*/ 
  if(((RCC_ClkInitStruct->ClockType) & RCC_CLOCKTYPE_PCLK1) == RCC_CLOCKTYPE_PCLK1)
 8002066:	6822      	ldr	r2, [r4, #0]
 8002068:	0751      	lsls	r1, r2, #29
 800206a:	d474      	bmi.n	8002156 <HAL_RCC_ClockConfig+0x116>
    assert_param(IS_RCC_PCLK(RCC_ClkInitStruct->APB1CLKDivider));
    MODIFY_REG(RCC->CFGR, RCC_CFGR_PPRE1, RCC_ClkInitStruct->APB1CLKDivider);
  }
  
  /*-------------------------- PCLK2 Configuration ---------------------------*/ 
  if(((RCC_ClkInitStruct->ClockType) & RCC_CLOCKTYPE_PCLK2) == RCC_CLOCKTYPE_PCLK2)
 800206c:	0713      	lsls	r3, r2, #28
 800206e:	d47a      	bmi.n	8002166 <HAL_RCC_ClockConfig+0x126>
  //SystemCoreClock = HAL_RCC_GetSysClockFreq() >> AHBPrescTable[(RCC->CFGR & RCC_CFGR_HPRE)>> RCC_CFGR_HPRE_BITNUMBER];

  /* Configure the source of time base considering new system clocks settings*/
  //HAL_InitTick (TICK_INT_PRIORITY);
  
  return HAL_OK;
 8002070:	2000      	movs	r0, #0
 8002072:	e00a      	b.n	800208a <HAL_RCC_ClockConfig+0x4a>
    __HAL_FLASH_SET_LATENCY(FLatency);
 8002074:	6813      	ldr	r3, [r2, #0]
 8002076:	f023 0307 	bic.w	r3, r3, #7
 800207a:	430b      	orrs	r3, r1
 800207c:	6013      	str	r3, [r2, #0]
    if((FLASH->ACR & FLASH_ACR_LATENCY) != FLatency)
 800207e:	6813      	ldr	r3, [r2, #0]
 8002080:	f003 0307 	and.w	r3, r3, #7
 8002084:	428b      	cmp	r3, r1
 8002086:	d0e3      	beq.n	8002050 <HAL_RCC_ClockConfig+0x10>
      return HAL_ERROR;
 8002088:	2001      	movs	r0, #1
}
 800208a:	bdf8      	pop	{r3, r4, r5, r6, r7, pc}
    MODIFY_REG(RCC->CFGR, RCC_CFGR_HPRE, RCC_ClkInitStruct->AHBCLKDivider);
 800208c:	483b      	ldr	r0, [pc, #236]	@ (800217c <HAL_RCC_ClockConfig+0x13c>)
 800208e:	68a5      	ldr	r5, [r4, #8]
 8002090:	6843      	ldr	r3, [r0, #4]
 8002092:	f023 03f0 	bic.w	r3, r3, #240	@ 0xf0
 8002096:	432b      	orrs	r3, r5
 8002098:	6043      	str	r3, [r0, #4]
 800209a:	e7dc      	b.n	8002056 <HAL_RCC_ClockConfig+0x16>
    if(RCC_ClkInitStruct->SYSCLKSource == RCC_SYSCLKSOURCE_HSE)
 800209c:	6862      	ldr	r2, [r4, #4]
 800209e:	4d37      	ldr	r5, [pc, #220]	@ (800217c <HAL_RCC_ClockConfig+0x13c>)
 80020a0:	2a01      	cmp	r2, #1
 80020a2:	d125      	bne.n	80020f0 <HAL_RCC_ClockConfig+0xb0>
 80020a4:	f44f 3300 	mov.w	r3, #131072	@ 0x20000
 80020a8:	fa93 f0a3 	rbit	r0, r3
      if(__HAL_RCC_GET_FLAG(RCC_FLAG_HSERDY) == RESET)
 80020ac:	6828      	ldr	r0, [r5, #0]
 80020ae:	fa93 f3a3 	rbit	r3, r3
 80020b2:	fab3 f383 	clz	r3, r3
 80020b6:	fa02 f303 	lsl.w	r3, r2, r3
 80020ba:	4203      	tst	r3, r0
      if(__HAL_RCC_GET_FLAG(RCC_FLAG_HSIRDY) == RESET)
 80020bc:	d0e4      	beq.n	8002088 <HAL_RCC_ClockConfig+0x48>
    __HAL_RCC_SYSCLK_CONFIG(RCC_ClkInitStruct->SYSCLKSource);
 80020be:	686b      	ldr	r3, [r5, #4]
 80020c0:	f023 0303 	bic.w	r3, r3, #3
 80020c4:	4313      	orrs	r3, r2
 80020c6:	606b      	str	r3, [r5, #4]
    tickstart = HAL_GetTick();
 80020c8:	f7ff fd6c 	bl	8001ba4 <HAL_GetTick>
    if(RCC_ClkInitStruct->SYSCLKSource == RCC_SYSCLKSOURCE_HSE)
 80020cc:	6863      	ldr	r3, [r4, #4]
 80020ce:	2b01      	cmp	r3, #1
    tickstart = HAL_GetTick();
 80020d0:	4606      	mov	r6, r0
        if((HAL_GetTick() - tickstart ) > CLOCKSWITCH_TIMEOUT_VALUE)
 80020d2:	f241 3788 	movw	r7, #5000	@ 0x1388
    if(RCC_ClkInitStruct->SYSCLKSource == RCC_SYSCLKSOURCE_HSE)
 80020d6:	d11c      	bne.n	8002112 <HAL_RCC_ClockConfig+0xd2>
      while (__HAL_RCC_GET_SYSCLK_SOURCE() != RCC_SYSCLKSOURCE_STATUS_HSE)
 80020d8:	686b      	ldr	r3, [r5, #4]
 80020da:	f003 030c 	and.w	r3, r3, #12
 80020de:	2b04      	cmp	r3, #4
 80020e0:	d0bb      	beq.n	800205a <HAL_RCC_ClockConfig+0x1a>
        if((HAL_GetTick() - tickstart ) > CLOCKSWITCH_TIMEOUT_VALUE)
 80020e2:	f7ff fd5f 	bl	8001ba4 <HAL_GetTick>
 80020e6:	1b80      	subs	r0, r0, r6
 80020e8:	42b8      	cmp	r0, r7
 80020ea:	d9f5      	bls.n	80020d8 <HAL_RCC_ClockConfig+0x98>
          return HAL_TIMEOUT;
 80020ec:	2003      	movs	r0, #3
 80020ee:	e7cc      	b.n	800208a <HAL_RCC_ClockConfig+0x4a>
    else if(RCC_ClkInitStruct->SYSCLKSource == RCC_SYSCLKSOURCE_PLLCLK)
 80020f0:	2a02      	cmp	r2, #2
 80020f2:	bf0c      	ite	eq
 80020f4:	f04f 7300 	moveq.w	r3, #33554432	@ 0x2000000
 80020f8:	2302      	movne	r3, #2
 80020fa:	fa93 f0a3 	rbit	r0, r3
      if(__HAL_RCC_GET_FLAG(RCC_FLAG_HSIRDY) == RESET)
 80020fe:	682e      	ldr	r6, [r5, #0]
 8002100:	fa93 f3a3 	rbit	r3, r3
 8002104:	2001      	movs	r0, #1
 8002106:	fab3 f383 	clz	r3, r3
 800210a:	fa00 f303 	lsl.w	r3, r0, r3
 800210e:	4233      	tst	r3, r6
 8002110:	e7d4      	b.n	80020bc <HAL_RCC_ClockConfig+0x7c>
    else if(RCC_ClkInitStruct->SYSCLKSource == RCC_SYSCLKSOURCE_PLLCLK)
 8002112:	2b02      	cmp	r3, #2
 8002114:	d10f      	bne.n	8002136 <HAL_RCC_ClockConfig+0xf6>
      while (__HAL_RCC_GET_SYSCLK_SOURCE() != RCC_SYSCLKSOURCE_STATUS_PLLCLK)
 8002116:	686b      	ldr	r3, [r5, #4]
 8002118:	f003 030c 	and.w	r3, r3, #12
 800211c:	2b08      	cmp	r3, #8
 800211e:	d09c      	beq.n	800205a <HAL_RCC_ClockConfig+0x1a>
        if((HAL_GetTick() - tickstart ) > CLOCKSWITCH_TIMEOUT_VALUE)
 8002120:	f7ff fd40 	bl	8001ba4 <HAL_GetTick>
 8002124:	1b80      	subs	r0, r0, r6
 8002126:	42b8      	cmp	r0, r7
 8002128:	d9f5      	bls.n	8002116 <HAL_RCC_ClockConfig+0xd6>
 800212a:	e7df      	b.n	80020ec <HAL_RCC_ClockConfig+0xac>
        if((HAL_GetTick() - tickstart ) > CLOCKSWITCH_TIMEOUT_VALUE)
 800212c:	f7ff fd3a 	bl	8001ba4 <HAL_GetTick>
 8002130:	1b80      	subs	r0, r0, r6
 8002132:	42b8      	cmp	r0, r7
 8002134:	d8da      	bhi.n	80020ec <HAL_RCC_ClockConfig+0xac>
      while (__HAL_RCC_GET_SYSCLK_SOURCE() != RCC_SYSCLKSOURCE_STATUS_HSI)
 8002136:	686b      	ldr	r3, [r5, #4]
 8002138:	f013 0f0c 	tst.w	r3, #12
 800213c:	d1f6      	bne.n	800212c <HAL_RCC_ClockConfig+0xec>
 800213e:	e78c      	b.n	800205a <HAL_RCC_ClockConfig+0x1a>
    __HAL_FLASH_SET_LATENCY(FLatency);
 8002140:	6813      	ldr	r3, [r2, #0]
 8002142:	f023 0307 	bic.w	r3, r3, #7
 8002146:	430b      	orrs	r3, r1
 8002148:	6013      	str	r3, [r2, #0]
    if((FLASH->ACR & FLASH_ACR_LATENCY) != FLatency)
 800214a:	6813      	ldr	r3, [r2, #0]
 800214c:	f003 0307 	and.w	r3, r3, #7
 8002150:	428b      	cmp	r3, r1
 8002152:	d199      	bne.n	8002088 <HAL_RCC_ClockConfig+0x48>
 8002154:	e787      	b.n	8002066 <HAL_RCC_ClockConfig+0x26>
    MODIFY_REG(RCC->CFGR, RCC_CFGR_PPRE1, RCC_ClkInitStruct->APB1CLKDivider);
 8002156:	4909      	ldr	r1, [pc, #36]	@ (800217c <HAL_RCC_ClockConfig+0x13c>)
 8002158:	68e0      	ldr	r0, [r4, #12]
 800215a:	684b      	ldr	r3, [r1, #4]
 800215c:	f423 63e0 	bic.w	r3, r3, #1792	@ 0x700
 8002160:	4303      	orrs	r3, r0
 8002162:	604b      	str	r3, [r1, #4]
 8002164:	e782      	b.n	800206c <HAL_RCC_ClockConfig+0x2c>
    MODIFY_REG(RCC->CFGR, RCC_CFGR_PPRE2, ((RCC_ClkInitStruct->APB2CLKDivider) << 3U));
 8002166:	4a05      	ldr	r2, [pc, #20]	@ (800217c <HAL_RCC_ClockConfig+0x13c>)
 8002168:	6921      	ldr	r1, [r4, #16]
 800216a:	6853      	ldr	r3, [r2, #4]
 800216c:	f423 5360 	bic.w	r3, r3, #14336	@ 0x3800
 8002170:	ea43 03c1 	orr.w	r3, r3, r1, lsl #3
 8002174:	6053      	str	r3, [r2, #4]
 8002176:	e77b      	b.n	8002070 <HAL_RCC_ClockConfig+0x30>
 8002178:	40022000 	.word	0x40022000
 800217c:	40021000 	.word	0x40021000

08002180 <HAL_GPIO_Init>:
  * @param  GPIO_Init: pointer to a GPIO_InitTypeDef structure that contains
  *         the configuration information for the specified GPIO peripheral.
  * @retval None
  */
void HAL_GPIO_Init(GPIO_TypeDef  *GPIOx, GPIO_InitTypeDef *GPIO_Init)
{
 8002180:	e92d 4ff7 	stmdb	sp!, {r0, r1, r2, r4, r5, r6, r7, r8, r9, sl, fp, lr}
      /*--------------------- EXTI Mode Configuration ------------------------*/
      /* Configure the External Interrupt or event for the current IO */
      if((GPIO_Init->Mode & EXTI_MODE) == EXTI_MODE)
      {
        /* Enable SYSCFG Clock */
        __HAL_RCC_SYSCFG_CLK_ENABLE();
 8002184:	f8df 8168 	ldr.w	r8, [pc, #360]	@ 80022f0 <HAL_GPIO_Init+0x170>
        temp &= ~((0x0FU) << (4U * (position & 0x03U)));
        temp |= (GPIO_GET_INDEX(GPIOx) << (4U * (position & 0x03U)));
        SYSCFG->EXTICR[position >> 2] = temp;

        /* Clear EXTI line configuration */
        temp = EXTI->IMR;
 8002188:	4c5a      	ldr	r4, [pc, #360]	@ (80022f4 <HAL_GPIO_Init+0x174>)
  uint32_t position = 0x00U;
 800218a:	2300      	movs	r3, #0
        temp &= ~((0x0FU) << (4U * (position & 0x03U)));
 800218c:	f04f 090f 	mov.w	r9, #15
  while (((GPIO_Init->Pin) >> position) != RESET)
 8002190:	680a      	ldr	r2, [r1, #0]
 8002192:	fa32 f503 	lsrs.w	r5, r2, r3
 8002196:	d102      	bne.n	800219e <HAL_GPIO_Init+0x1e>
      }
    }
    
    position++;
  }
}
 8002198:	b003      	add	sp, #12
 800219a:	e8bd 8ff0 	ldmia.w	sp!, {r4, r5, r6, r7, r8, r9, sl, fp, pc}
    iocurrent = (GPIO_Init->Pin) & (1U << position);
 800219e:	2501      	movs	r5, #1
 80021a0:	fa05 fa03 	lsl.w	sl, r5, r3
    if(iocurrent)
 80021a4:	ea1a 0202 	ands.w	r2, sl, r2
 80021a8:	f000 8098 	beq.w	80022dc <HAL_GPIO_Init+0x15c>
      if((GPIO_Init->Mode == GPIO_MODE_AF_PP) || (GPIO_Init->Mode == GPIO_MODE_AF_OD))
 80021ac:	684d      	ldr	r5, [r1, #4]
 80021ae:	f025 0e10 	bic.w	lr, r5, #16
 80021b2:	f1be 0f02 	cmp.w	lr, #2
 80021b6:	d111      	bne.n	80021dc <HAL_GPIO_Init+0x5c>
        temp = GPIOx->AFR[position >> 3];
 80021b8:	08df      	lsrs	r7, r3, #3
 80021ba:	eb00 0787 	add.w	r7, r0, r7, lsl #2
        temp &= ~(0xFU << ((uint32_t)(position & 0x07U) * 4U)) ;
 80021be:	f003 0c07 	and.w	ip, r3, #7
        temp = GPIOx->AFR[position >> 3];
 80021c2:	6a3e      	ldr	r6, [r7, #32]
        temp &= ~(0xFU << ((uint32_t)(position & 0x07U) * 4U)) ;
 80021c4:	ea4f 0c8c 	mov.w	ip, ip, lsl #2
 80021c8:	fa09 fb0c 	lsl.w	fp, r9, ip
 80021cc:	ea26 0b0b 	bic.w	fp, r6, fp
        temp |= ((uint32_t)(GPIO_Init->Alternate) << (((uint32_t)position & 0x07U) * 4U));
 80021d0:	690e      	ldr	r6, [r1, #16]
 80021d2:	fa06 f60c 	lsl.w	r6, r6, ip
 80021d6:	ea46 060b 	orr.w	r6, r6, fp
        GPIOx->AFR[position >> 3] = temp;
 80021da:	623e      	str	r6, [r7, #32]
      temp = GPIOx->MODER;
 80021dc:	f8d0 b000 	ldr.w	fp, [r0]
      temp &= ~(GPIO_MODER_MODER0 << (position * 2U));
 80021e0:	ea4f 0c43 	mov.w	ip, r3, lsl #1
 80021e4:	2603      	movs	r6, #3
 80021e6:	fa06 f70c 	lsl.w	r7, r6, ip
 80021ea:	ea2b 0b07 	bic.w	fp, fp, r7
 80021ee:	43fe      	mvns	r6, r7
      temp |= ((GPIO_Init->Mode & GPIO_MODE) << (position * 2U));
 80021f0:	f005 0703 	and.w	r7, r5, #3
 80021f4:	fa07 f70c 	lsl.w	r7, r7, ip
      if((GPIO_Init->Mode == GPIO_MODE_OUTPUT_PP) || (GPIO_Init->Mode == GPIO_MODE_AF_PP) ||
 80021f8:	f10e 3eff 	add.w	lr, lr, #4294967295	@ 0xffffffff
      temp |= ((GPIO_Init->Mode & GPIO_MODE) << (position * 2U));
 80021fc:	ea47 070b 	orr.w	r7, r7, fp
      if((GPIO_Init->Mode == GPIO_MODE_OUTPUT_PP) || (GPIO_Init->Mode == GPIO_MODE_AF_PP) ||
 8002200:	f1be 0f01 	cmp.w	lr, #1
      GPIOx->MODER = temp;
 8002204:	6007      	str	r7, [r0, #0]
      if((GPIO_Init->Mode == GPIO_MODE_OUTPUT_PP) || (GPIO_Init->Mode == GPIO_MODE_AF_PP) ||
 8002206:	d810      	bhi.n	800222a <HAL_GPIO_Init+0xaa>
        temp = GPIOx->OSPEEDR;
 8002208:	6887      	ldr	r7, [r0, #8]
        temp &= ~(GPIO_OSPEEDER_OSPEEDR0 << (position * 2U));
 800220a:	ea06 0e07 	and.w	lr, r6, r7
        temp |= (GPIO_Init->Speed << (position * 2U));
 800220e:	68cf      	ldr	r7, [r1, #12]
 8002210:	fa07 f70c 	lsl.w	r7, r7, ip
 8002214:	ea47 070e 	orr.w	r7, r7, lr
        GPIOx->OSPEEDR = temp;
 8002218:	6087      	str	r7, [r0, #8]
        temp = GPIOx->OTYPER;
 800221a:	6847      	ldr	r7, [r0, #4]
        temp &= ~(GPIO_OTYPER_OT_0 << position) ;
 800221c:	ea27 0e0a 	bic.w	lr, r7, sl
        temp |= (((GPIO_Init->Mode & GPIO_OUTPUT_TYPE) >> 4U) << position);
 8002220:	092f      	lsrs	r7, r5, #4
 8002222:	409f      	lsls	r7, r3
 8002224:	ea47 070e 	orr.w	r7, r7, lr
        GPIOx->OTYPER = temp;
 8002228:	6047      	str	r7, [r0, #4]
      temp = GPIOx->PUPDR;
 800222a:	68c7      	ldr	r7, [r0, #12]
      temp &= ~(GPIO_PUPDR_PUPDR0 << (position * 2U));
 800222c:	4037      	ands	r7, r6
      temp |= ((GPIO_Init->Pull) << (position * 2U));
 800222e:	688e      	ldr	r6, [r1, #8]
 8002230:	fa06 f60c 	lsl.w	r6, r6, ip
 8002234:	433e      	orrs	r6, r7
      GPIOx->PUPDR = temp;
 8002236:	60c6      	str	r6, [r0, #12]
      if((GPIO_Init->Mode & EXTI_MODE) == EXTI_MODE)
 8002238:	00ee      	lsls	r6, r5, #3
 800223a:	d54f      	bpl.n	80022dc <HAL_GPIO_Init+0x15c>
        __HAL_RCC_SYSCFG_CLK_ENABLE();
 800223c:	f8d8 6018 	ldr.w	r6, [r8, #24]
 8002240:	f046 0601 	orr.w	r6, r6, #1
 8002244:	f8c8 6018 	str.w	r6, [r8, #24]
 8002248:	f8d8 6018 	ldr.w	r6, [r8, #24]
 800224c:	f023 0703 	bic.w	r7, r3, #3
 8002250:	f107 4780 	add.w	r7, r7, #1073741824	@ 0x40000000
 8002254:	f006 0601 	and.w	r6, r6, #1
 8002258:	f507 3780 	add.w	r7, r7, #65536	@ 0x10000
 800225c:	9601      	str	r6, [sp, #4]
        temp &= ~((0x0FU) << (4U * (position & 0x03U)));
 800225e:	f003 0c03 	and.w	ip, r3, #3
        __HAL_RCC_SYSCFG_CLK_ENABLE();
 8002262:	9e01      	ldr	r6, [sp, #4]
        temp = SYSCFG->EXTICR[position >> 2];
 8002264:	68be      	ldr	r6, [r7, #8]
        temp &= ~((0x0FU) << (4U * (position & 0x03U)));
 8002266:	ea4f 0c8c 	mov.w	ip, ip, lsl #2
 800226a:	fa09 fe0c 	lsl.w	lr, r9, ip
        temp |= (GPIO_GET_INDEX(GPIOx) << (4U * (position & 0x03U)));
 800226e:	f1b0 4f90 	cmp.w	r0, #1207959552	@ 0x48000000
        temp &= ~((0x0FU) << (4U * (position & 0x03U)));
 8002272:	ea26 0e0e 	bic.w	lr, r6, lr
        temp |= (GPIO_GET_INDEX(GPIOx) << (4U * (position & 0x03U)));
 8002276:	d033      	beq.n	80022e0 <HAL_GPIO_Init+0x160>
 8002278:	4e1f      	ldr	r6, [pc, #124]	@ (80022f8 <HAL_GPIO_Init+0x178>)
 800227a:	42b0      	cmp	r0, r6
 800227c:	d032      	beq.n	80022e4 <HAL_GPIO_Init+0x164>
 800227e:	f506 6680 	add.w	r6, r6, #1024	@ 0x400
 8002282:	42b0      	cmp	r0, r6
 8002284:	d030      	beq.n	80022e8 <HAL_GPIO_Init+0x168>
 8002286:	f506 6680 	add.w	r6, r6, #1024	@ 0x400
 800228a:	42b0      	cmp	r0, r6
 800228c:	d02e      	beq.n	80022ec <HAL_GPIO_Init+0x16c>
 800228e:	f506 6680 	add.w	r6, r6, #1024	@ 0x400
 8002292:	42b0      	cmp	r0, r6
 8002294:	bf14      	ite	ne
 8002296:	2605      	movne	r6, #5
 8002298:	2604      	moveq	r6, #4
 800229a:	fa06 f60c 	lsl.w	r6, r6, ip
 800229e:	ea46 060e 	orr.w	r6, r6, lr
        SYSCFG->EXTICR[position >> 2] = temp;
 80022a2:	60be      	str	r6, [r7, #8]
        temp = EXTI->IMR;
 80022a4:	6826      	ldr	r6, [r4, #0]
        temp &= ~((uint32_t)iocurrent);
 80022a6:	43d7      	mvns	r7, r2
        if((GPIO_Init->Mode & GPIO_MODE_IT) == GPIO_MODE_IT)
 80022a8:	f415 3f80 	tst.w	r5, #65536	@ 0x10000
        temp &= ~((uint32_t)iocurrent);
 80022ac:	bf0c      	ite	eq
 80022ae:	403e      	andeq	r6, r7
          temp |= iocurrent;
 80022b0:	4316      	orrne	r6, r2
        EXTI->IMR = temp;
 80022b2:	6026      	str	r6, [r4, #0]
        temp = EXTI->EMR;
 80022b4:	6866      	ldr	r6, [r4, #4]
        if((GPIO_Init->Mode & GPIO_MODE_EVT) == GPIO_MODE_EVT)
 80022b6:	f415 3f00 	tst.w	r5, #131072	@ 0x20000
        temp &= ~((uint32_t)iocurrent);
 80022ba:	bf0c      	ite	eq
 80022bc:	403e      	andeq	r6, r7
          temp |= iocurrent;
 80022be:	4316      	orrne	r6, r2
        EXTI->EMR = temp;
 80022c0:	6066      	str	r6, [r4, #4]
        temp = EXTI->RTSR;
 80022c2:	68a6      	ldr	r6, [r4, #8]
        if((GPIO_Init->Mode & RISING_EDGE) == RISING_EDGE)
 80022c4:	f415 1f80 	tst.w	r5, #1048576	@ 0x100000
        temp &= ~((uint32_t)iocurrent);
 80022c8:	bf0c      	ite	eq
 80022ca:	403e      	andeq	r6, r7
          temp |= iocurrent;
 80022cc:	4316      	orrne	r6, r2
        EXTI->RTSR = temp;
 80022ce:	60a6      	str	r6, [r4, #8]
        temp = EXTI->FTSR;
 80022d0:	68e6      	ldr	r6, [r4, #12]
        if((GPIO_Init->Mode & FALLING_EDGE) == FALLING_EDGE)
 80022d2:	02ad      	lsls	r5, r5, #10
        temp &= ~((uint32_t)iocurrent);
 80022d4:	bf54      	ite	pl
 80022d6:	403e      	andpl	r6, r7
          temp |= iocurrent;
 80022d8:	4316      	orrmi	r6, r2
        EXTI->FTSR = temp;
 80022da:	60e6      	str	r6, [r4, #12]
    position++;
 80022dc:	3301      	adds	r3, #1
 80022de:	e757      	b.n	8002190 <HAL_GPIO_Init+0x10>
        temp |= (GPIO_GET_INDEX(GPIOx) << (4U * (position & 0x03U)));
 80022e0:	2600      	movs	r6, #0
 80022e2:	e7da      	b.n	800229a <HAL_GPIO_Init+0x11a>
 80022e4:	2601      	movs	r6, #1
 80022e6:	e7d8      	b.n	800229a <HAL_GPIO_Init+0x11a>
 80022e8:	2602      	movs	r6, #2
 80022ea:	e7d6      	b.n	800229a <HAL_GPIO_Init+0x11a>
 80022ec:	2603      	movs	r6, #3
 80022ee:	e7d4      	b.n	800229a <HAL_GPIO_Init+0x11a>
 80022f0:	40021000 	.word	0x40021000
 80022f4:	40010400 	.word	0x40010400
 80022f8:	48000400 	.word	0x48000400

080022fc <HAL_GPIO_WritePin>:
{
  /* Check the parameters */
  assert_param(IS_GPIO_PIN(GPIO_Pin));
  assert_param(IS_GPIO_PIN_ACTION(PinState));

  if(PinState != GPIO_PIN_RESET)
 80022fc:	b10a      	cbz	r2, 8002302 <HAL_GPIO_WritePin+0x6>
  {
    GPIOx->BSRR = (uint32_t)GPIO_Pin;
 80022fe:	6181      	str	r1, [r0, #24]
 8002300:	4770      	bx	lr
  }
  else
  {
    GPIOx->BRR = (uint32_t)GPIO_Pin;
 8002302:	6281      	str	r1, [r0, #40]	@ 0x28
  }
}
 8002304:	4770      	bx	lr
 8002306:	0000      	movs	r0, r0

08002308 <UART_SetConfig>:
   *  set the M bits according to huart->Init.WordLength value
   *  set PCE and PS bits according to huart->Init.Parity value
   *  set TE and RE bits according to huart->Init.Mode value
   *  set OVER8 bit according to huart->Init.OverSampling value */
  tmpreg = (uint32_t)huart->Init.WordLength | huart->Init.Parity | huart->Init.Mode | huart->Init.OverSampling ;
  MODIFY_REG(huart->Instance->CR1, UART_CR1_FIELDS, tmpreg);
 8002308:	6802      	ldr	r2, [r0, #0]
  tmpreg = (uint32_t)huart->Init.WordLength | huart->Init.Parity | huart->Init.Mode | huart->Init.OverSampling ;
 800230a:	6883      	ldr	r3, [r0, #8]
 800230c:	69c1      	ldr	r1, [r0, #28]
{
 800230e:	b530      	push	{r4, r5, lr}
  tmpreg = (uint32_t)huart->Init.WordLength | huart->Init.Parity | huart->Init.Mode | huart->Init.OverSampling ;
 8002310:	6905      	ldr	r5, [r0, #16]
  MODIFY_REG(huart->Instance->CR1, UART_CR1_FIELDS, tmpreg);
 8002312:	6814      	ldr	r4, [r2, #0]
  tmpreg = (uint32_t)huart->Init.WordLength | huart->Init.Parity | huart->Init.Mode | huart->Init.OverSampling ;
 8002314:	432b      	orrs	r3, r5
 8002316:	6945      	ldr	r5, [r0, #20]
  MODIFY_REG(huart->Instance->CR1, UART_CR1_FIELDS, tmpreg);
 8002318:	f424 4416 	bic.w	r4, r4, #38400	@ 0x9600
  tmpreg = (uint32_t)huart->Init.WordLength | huart->Init.Parity | huart->Init.Mode | huart->Init.OverSampling ;
 800231c:	432b      	orrs	r3, r5
  MODIFY_REG(huart->Instance->CR1, UART_CR1_FIELDS, tmpreg);
 800231e:	f024 040c 	bic.w	r4, r4, #12
  tmpreg = (uint32_t)huart->Init.WordLength | huart->Init.Parity | huart->Init.Mode | huart->Init.OverSampling ;
 8002322:	430b      	orrs	r3, r1
  MODIFY_REG(huart->Instance->CR1, UART_CR1_FIELDS, tmpreg);
 8002324:	4323      	orrs	r3, r4
 8002326:	6013      	str	r3, [r2, #0]

  /*-------------------------- USART CR2 Configuration -----------------------*/
  /* Configure the UART Stop Bits: Set STOP[13:12] bits according
   * to huart->Init.StopBits value */
  MODIFY_REG(huart->Instance->CR2, USART_CR2_STOP, huart->Init.StopBits);
 8002328:	6853      	ldr	r3, [r2, #4]
 800232a:	68c4      	ldr	r4, [r0, #12]
  /* Configure
   * - UART HardWare Flow Control: set CTSE and RTSE bits according
   *   to huart->Init.HwFlowCtl value
   * - one-bit sampling method versus three samples' majority rule according
   *   to huart->Init.OneBitSampling */
  tmpreg = (uint32_t)huart->Init.HwFlowCtl | huart->Init.OneBitSampling ;
 800232c:	6a05      	ldr	r5, [r0, #32]
  MODIFY_REG(huart->Instance->CR2, USART_CR2_STOP, huart->Init.StopBits);
 800232e:	f423 5340 	bic.w	r3, r3, #12288	@ 0x3000
 8002332:	4323      	orrs	r3, r4
 8002334:	6053      	str	r3, [r2, #4]
  MODIFY_REG(huart->Instance->CR3, (USART_CR3_RTSE | USART_CR3_CTSE | USART_CR3_ONEBIT), tmpreg);
 8002336:	6894      	ldr	r4, [r2, #8]
  tmpreg = (uint32_t)huart->Init.HwFlowCtl | huart->Init.OneBitSampling ;
 8002338:	6983      	ldr	r3, [r0, #24]
  MODIFY_REG(huart->Instance->CR3, (USART_CR3_RTSE | USART_CR3_CTSE | USART_CR3_ONEBIT), tmpreg);
 800233a:	f424 6430 	bic.w	r4, r4, #2816	@ 0xb00
  tmpreg = (uint32_t)huart->Init.HwFlowCtl | huart->Init.OneBitSampling ;
 800233e:	432b      	orrs	r3, r5
  MODIFY_REG(huart->Instance->CR3, (USART_CR3_RTSE | USART_CR3_CTSE | USART_CR3_ONEBIT), tmpreg);
 8002340:	4323      	orrs	r3, r4
 8002342:	6093      	str	r3, [r2, #8]

  /*-------------------------- USART BRR Configuration -----------------------*/
  UART_GETCLOCKSOURCE(huart, clocksource);
 8002344:	4b42      	ldr	r3, [pc, #264]	@ (8002450 <UART_SetConfig+0x148>)
 8002346:	429a      	cmp	r2, r3
 8002348:	d111      	bne.n	800236e <UART_SetConfig+0x66>
 800234a:	f503 4358 	add.w	r3, r3, #55296	@ 0xd800
 800234e:	6b1b      	ldr	r3, [r3, #48]	@ 0x30
 8002350:	f003 0303 	and.w	r3, r3, #3
 8002354:	2b02      	cmp	r3, #2
 8002356:	d05f      	beq.n	8002418 <UART_SetConfig+0x110>
 8002358:	2b03      	cmp	r3, #3
 800235a:	d065      	beq.n	8002428 <UART_SetConfig+0x120>

  /* Check UART Over Sampling to set Baud Rate Register */
  if (huart->Init.OverSampling == UART_OVERSAMPLING_8)
 800235c:	f5b1 4f00 	cmp.w	r1, #32768	@ 0x8000
  {
    switch (clocksource)
    {
      case UART_CLOCKSOURCE_PCLK1:
        usartdiv = (uint16_t)(UART_DIV_SAMPLING8(HAL_RCC_GetPCLK1Freq(), huart->Init.BaudRate));
 8002360:	6841      	ldr	r1, [r0, #4]
 8002362:	ea4f 0351 	mov.w	r3, r1, lsr #1
  if (huart->Init.OverSampling == UART_OVERSAMPLING_8)
 8002366:	d045      	beq.n	80023f4 <UART_SetConfig+0xec>
    {
      case UART_CLOCKSOURCE_PCLK1:
        huart->Instance->BRR = (uint16_t)(UART_DIV_SAMPLING16(HAL_RCC_GetPCLK1Freq(), huart->Init.BaudRate));
        break;
      case UART_CLOCKSOURCE_PCLK2:
        huart->Instance->BRR = (uint16_t)(UART_DIV_SAMPLING16(HAL_RCC_GetPCLK2Freq(), huart->Init.BaudRate));
 8002368:	f503 03e1 	add.w	r3, r3, #7372800	@ 0x708000
 800236c:	e048      	b.n	8002400 <UART_SetConfig+0xf8>
  UART_GETCLOCKSOURCE(huart, clocksource);
 800236e:	4b39      	ldr	r3, [pc, #228]	@ (8002454 <UART_SetConfig+0x14c>)
 8002370:	429a      	cmp	r2, r3
 8002372:	d112      	bne.n	800239a <UART_SetConfig+0x92>
 8002374:	f503 33e6 	add.w	r3, r3, #117760	@ 0x1cc00
 8002378:	6b1b      	ldr	r3, [r3, #48]	@ 0x30
 800237a:	f403 3340 	and.w	r3, r3, #196608	@ 0x30000
 800237e:	f5b3 3f00 	cmp.w	r3, #131072	@ 0x20000
 8002382:	d049      	beq.n	8002418 <UART_SetConfig+0x110>
 8002384:	d9ea      	bls.n	800235c <UART_SetConfig+0x54>
 8002386:	f5b3 3f40 	cmp.w	r3, #196608	@ 0x30000
 800238a:	d04d      	beq.n	8002428 <UART_SetConfig+0x120>
  if (huart->Init.OverSampling == UART_OVERSAMPLING_8)
 800238c:	f5b1 4f00 	cmp.w	r1, #32768	@ 0x8000
        ret = HAL_ERROR;
 8002390:	f04f 0001 	mov.w	r0, #1
  if (huart->Init.OverSampling == UART_OVERSAMPLING_8)
 8002394:	d15b      	bne.n	800244e <UART_SetConfig+0x146>
  uint16_t usartdiv                   = 0x0000U;
 8002396:	2300      	movs	r3, #0
 8002398:	e053      	b.n	8002442 <UART_SetConfig+0x13a>
  UART_GETCLOCKSOURCE(huart, clocksource);
 800239a:	4b2f      	ldr	r3, [pc, #188]	@ (8002458 <UART_SetConfig+0x150>)
 800239c:	429a      	cmp	r2, r3
 800239e:	d10b      	bne.n	80023b8 <UART_SetConfig+0xb0>
 80023a0:	f503 33e4 	add.w	r3, r3, #116736	@ 0x1c800
 80023a4:	6b1b      	ldr	r3, [r3, #48]	@ 0x30
 80023a6:	f403 2340 	and.w	r3, r3, #786432	@ 0xc0000
 80023aa:	f5b3 2f00 	cmp.w	r3, #524288	@ 0x80000
 80023ae:	d033      	beq.n	8002418 <UART_SetConfig+0x110>
 80023b0:	d9d4      	bls.n	800235c <UART_SetConfig+0x54>
 80023b2:	f5b3 2f40 	cmp.w	r3, #786432	@ 0xc0000
 80023b6:	e7e8      	b.n	800238a <UART_SetConfig+0x82>
 80023b8:	4b28      	ldr	r3, [pc, #160]	@ (800245c <UART_SetConfig+0x154>)
 80023ba:	429a      	cmp	r2, r3
 80023bc:	d10b      	bne.n	80023d6 <UART_SetConfig+0xce>
 80023be:	f503 33e2 	add.w	r3, r3, #115712	@ 0x1c400
 80023c2:	6b1b      	ldr	r3, [r3, #48]	@ 0x30
 80023c4:	f403 1340 	and.w	r3, r3, #3145728	@ 0x300000
 80023c8:	f5b3 1f00 	cmp.w	r3, #2097152	@ 0x200000
 80023cc:	d024      	beq.n	8002418 <UART_SetConfig+0x110>
 80023ce:	d9c5      	bls.n	800235c <UART_SetConfig+0x54>
 80023d0:	f5b3 1f40 	cmp.w	r3, #3145728	@ 0x300000
 80023d4:	e7d9      	b.n	800238a <UART_SetConfig+0x82>
 80023d6:	4b22      	ldr	r3, [pc, #136]	@ (8002460 <UART_SetConfig+0x158>)
 80023d8:	429a      	cmp	r2, r3
 80023da:	d1d7      	bne.n	800238c <UART_SetConfig+0x84>
 80023dc:	f503 33e0 	add.w	r3, r3, #114688	@ 0x1c000
 80023e0:	6b1b      	ldr	r3, [r3, #48]	@ 0x30
 80023e2:	f403 0340 	and.w	r3, r3, #12582912	@ 0xc00000
 80023e6:	f5b3 0f00 	cmp.w	r3, #8388608	@ 0x800000
 80023ea:	d015      	beq.n	8002418 <UART_SetConfig+0x110>
 80023ec:	d9b6      	bls.n	800235c <UART_SetConfig+0x54>
 80023ee:	f5b3 0f40 	cmp.w	r3, #12582912	@ 0xc00000
 80023f2:	e7ca      	b.n	800238a <UART_SetConfig+0x82>
        usartdiv = (uint16_t)(UART_DIV_SAMPLING8(HAL_RCC_GetPCLK1Freq(), huart->Init.BaudRate));
 80023f4:	f503 0361 	add.w	r3, r3, #14745600	@ 0xe10000
 80023f8:	e01f      	b.n	800243a <UART_SetConfig+0x132>
        break;
      case UART_CLOCKSOURCE_SYSCLK:
        huart->Instance->BRR = (uint16_t)(UART_DIV_SAMPLING16(HAL_RCC_GetSysClockFreq(), huart->Init.BaudRate));
        break;
      case UART_CLOCKSOURCE_LSE:
        huart->Instance->BRR = (uint16_t)(UART_DIV_SAMPLING16(LSE_VALUE, huart->Init.BaudRate));
 80023fa:	084b      	lsrs	r3, r1, #1
 80023fc:	f503 4300 	add.w	r3, r3, #32768	@ 0x8000
        huart->Instance->BRR = (uint16_t)(UART_DIV_SAMPLING16(HAL_RCC_GetPCLK2Freq(), huart->Init.BaudRate));
 8002400:	fbb3 f3f1 	udiv	r3, r3, r1
 8002404:	b29b      	uxth	r3, r3
 8002406:	60d3      	str	r3, [r2, #12]
  HAL_StatusTypeDef ret               = HAL_OK;
 8002408:	2000      	movs	r0, #0
        ret = HAL_ERROR;
        break;
    }
  }

  return ret;
 800240a:	e020      	b.n	800244e <UART_SetConfig+0x146>
        huart->Instance->BRR = (uint16_t)(UART_DIV_SAMPLING16(HSI_VALUE, huart->Init.BaudRate));
 800240c:	084b      	lsrs	r3, r1, #1
 800240e:	f503 0374 	add.w	r3, r3, #15990784	@ 0xf40000
 8002412:	f503 5310 	add.w	r3, r3, #9216	@ 0x2400
 8002416:	e7f3      	b.n	8002400 <UART_SetConfig+0xf8>
  if (huart->Init.OverSampling == UART_OVERSAMPLING_8)
 8002418:	f5b1 4f00 	cmp.w	r1, #32768	@ 0x8000
 800241c:	6841      	ldr	r1, [r0, #4]
 800241e:	d1ec      	bne.n	80023fa <UART_SetConfig+0xf2>
        usartdiv = (uint16_t)(UART_DIV_SAMPLING8(LSE_VALUE, huart->Init.BaudRate));
 8002420:	084b      	lsrs	r3, r1, #1
 8002422:	f503 3380 	add.w	r3, r3, #65536	@ 0x10000
 8002426:	e008      	b.n	800243a <UART_SetConfig+0x132>
  if (huart->Init.OverSampling == UART_OVERSAMPLING_8)
 8002428:	f5b1 4f00 	cmp.w	r1, #32768	@ 0x8000
 800242c:	6841      	ldr	r1, [r0, #4]
 800242e:	d1ed      	bne.n	800240c <UART_SetConfig+0x104>
        usartdiv = (uint16_t)(UART_DIV_SAMPLING8(HSI_VALUE, huart->Init.BaudRate));
 8002430:	084b      	lsrs	r3, r1, #1
 8002432:	f103 73f4 	add.w	r3, r3, #31981568	@ 0x1e80000
 8002436:	f503 4390 	add.w	r3, r3, #18432	@ 0x4800
        usartdiv = (uint16_t)(UART_DIV_SAMPLING8(HAL_RCC_GetPCLK1Freq(), huart->Init.BaudRate));
 800243a:	fbb3 f3f1 	udiv	r3, r3, r1
  HAL_StatusTypeDef ret               = HAL_OK;
 800243e:	2000      	movs	r0, #0
        usartdiv = (uint16_t)(UART_DIV_SAMPLING8(HAL_RCC_GetPCLK1Freq(), huart->Init.BaudRate));
 8002440:	b29b      	uxth	r3, r3
    brrtemp = usartdiv & 0xFFF0U;
 8002442:	f023 010f 	bic.w	r1, r3, #15
    brrtemp |= (uint16_t)((usartdiv & (uint16_t)0x000FU) >> 1U);
 8002446:	f3c3 0342 	ubfx	r3, r3, #1, #3
    huart->Instance->BRR = brrtemp;
 800244a:	430b      	orrs	r3, r1
 800244c:	60d3      	str	r3, [r2, #12]

}
 800244e:	bd30      	pop	{r4, r5, pc}
 8002450:	40013800 	.word	0x40013800
 8002454:	40004400 	.word	0x40004400
 8002458:	40004800 	.word	0x40004800
 800245c:	40004c00 	.word	0x40004c00
 8002460:	40005000 	.word	0x40005000

08002464 <UART_WaitOnFlagUntilTimeout>:
  * @param  Tickstart Tick start value
  * @param  Timeout Timeout duration
  * @retval HAL status
  */
HAL_StatusTypeDef UART_WaitOnFlagUntilTimeout(UART_HandleTypeDef *huart, uint32_t Flag, FlagStatus Status, uint32_t Tickstart, uint32_t Timeout)
{
 8002464:	e92d 41f0 	stmdb	sp!, {r4, r5, r6, r7, r8, lr}
 8002468:	f8dd 8018 	ldr.w	r8, [sp, #24]
 800246c:	4604      	mov	r4, r0
 800246e:	4616      	mov	r6, r2
 8002470:	461f      	mov	r7, r3
  /* Wait until flag is set */
  while((__HAL_UART_GET_FLAG(huart, Flag) ? SET : RESET) == Status)
 8002472:	6825      	ldr	r5, [r4, #0]
 8002474:	69eb      	ldr	r3, [r5, #28]
 8002476:	ea31 0303 	bics.w	r3, r1, r3
 800247a:	bf0c      	ite	eq
 800247c:	2301      	moveq	r3, #1
 800247e:	2300      	movne	r3, #0
 8002480:	42b3      	cmp	r3, r6
 8002482:	d001      	beq.n	8002488 <UART_WaitOnFlagUntilTimeout+0x24>
        __HAL_UNLOCK(huart);
        return HAL_TIMEOUT;
      }
    }
  }
  return HAL_OK;
 8002484:	2000      	movs	r0, #0
 8002486:	e016      	b.n	80024b6 <UART_WaitOnFlagUntilTimeout+0x52>
    if(Timeout != HAL_MAX_DELAY)
 8002488:	f1b8 3fff 	cmp.w	r8, #4294967295	@ 0xffffffff
 800248c:	d0f2      	beq.n	8002474 <UART_WaitOnFlagUntilTimeout+0x10>
      if((Timeout == 0U) || ((HAL_GetTick()-Tickstart) > Timeout))
 800248e:	f1b8 0f00 	cmp.w	r8, #0
 8002492:	d112      	bne.n	80024ba <UART_WaitOnFlagUntilTimeout+0x56>
        CLEAR_BIT(huart->Instance->CR1, (USART_CR1_RXNEIE | USART_CR1_PEIE | USART_CR1_TXEIE));
 8002494:	682b      	ldr	r3, [r5, #0]
 8002496:	f423 73d0 	bic.w	r3, r3, #416	@ 0x1a0
 800249a:	602b      	str	r3, [r5, #0]
        CLEAR_BIT(huart->Instance->CR3, USART_CR3_EIE);
 800249c:	68ab      	ldr	r3, [r5, #8]
 800249e:	f023 0301 	bic.w	r3, r3, #1
 80024a2:	60ab      	str	r3, [r5, #8]
        huart->gState  = HAL_UART_STATE_READY;
 80024a4:	2320      	movs	r3, #32
 80024a6:	f884 3069 	strb.w	r3, [r4, #105]	@ 0x69
        huart->RxState = HAL_UART_STATE_READY;
 80024aa:	f884 306a 	strb.w	r3, [r4, #106]	@ 0x6a
        __HAL_UNLOCK(huart);
 80024ae:	2300      	movs	r3, #0
 80024b0:	f884 3068 	strb.w	r3, [r4, #104]	@ 0x68
        return HAL_TIMEOUT;
 80024b4:	2003      	movs	r0, #3
}
 80024b6:	e8bd 81f0 	ldmia.w	sp!, {r4, r5, r6, r7, r8, pc}
      if((Timeout == 0U) || ((HAL_GetTick()-Tickstart) > Timeout))
 80024ba:	f7ff fb73 	bl	8001ba4 <HAL_GetTick>
 80024be:	1bc0      	subs	r0, r0, r7
 80024c0:	4540      	cmp	r0, r8
 80024c2:	d9d6      	bls.n	8002472 <UART_WaitOnFlagUntilTimeout+0xe>
 80024c4:	e7e6      	b.n	8002494 <UART_WaitOnFlagUntilTimeout+0x30>

080024c6 <UART_CheckIdleState>:
{
 80024c6:	b573      	push	{r0, r1, r4, r5, r6, lr}
 80024c8:	4604      	mov	r4, r0
  huart->ErrorCode = HAL_UART_ERROR_NONE;
 80024ca:	2100      	movs	r1, #0
 80024cc:	66c1      	str	r1, [r0, #108]	@ 0x6c
  tickstart = HAL_GetTick();
 80024ce:	f7ff fb69 	bl	8001ba4 <HAL_GetTick>
  if((huart->Instance->CR1 & USART_CR1_TE) == USART_CR1_TE)
 80024d2:	6826      	ldr	r6, [r4, #0]
 80024d4:	6833      	ldr	r3, [r6, #0]
 80024d6:	071a      	lsls	r2, r3, #28
  tickstart = HAL_GetTick();
 80024d8:	4605      	mov	r5, r0
  if((huart->Instance->CR1 & USART_CR1_TE) == USART_CR1_TE)
 80024da:	d416      	bmi.n	800250a <UART_CheckIdleState+0x44>
  if((huart->Instance->CR1 & USART_CR1_RE) == USART_CR1_RE)
 80024dc:	6833      	ldr	r3, [r6, #0]
 80024de:	075b      	lsls	r3, r3, #29
 80024e0:	d50a      	bpl.n	80024f8 <UART_CheckIdleState+0x32>
    if(UART_WaitOnFlagUntilTimeout(huart, USART_ISR_REACK, RESET, tickstart, HAL_UART_TIMEOUT_VALUE) != HAL_OK)
 80024e2:	f06f 437e 	mvn.w	r3, #4261412864	@ 0xfe000000
 80024e6:	9300      	str	r3, [sp, #0]
 80024e8:	2200      	movs	r2, #0
 80024ea:	462b      	mov	r3, r5
 80024ec:	f44f 0180 	mov.w	r1, #4194304	@ 0x400000
 80024f0:	4620      	mov	r0, r4
 80024f2:	f7ff ffb7 	bl	8002464 <UART_WaitOnFlagUntilTimeout>
 80024f6:	b9a0      	cbnz	r0, 8002522 <UART_CheckIdleState+0x5c>
  huart->gState  = HAL_UART_STATE_READY;
 80024f8:	2320      	movs	r3, #32
  __HAL_UNLOCK(huart);
 80024fa:	2000      	movs	r0, #0
  huart->gState  = HAL_UART_STATE_READY;
 80024fc:	f884 3069 	strb.w	r3, [r4, #105]	@ 0x69
  __HAL_UNLOCK(huart);
 8002500:	f884 0068 	strb.w	r0, [r4, #104]	@ 0x68
  huart->RxState = HAL_UART_STATE_READY;
 8002504:	f884 306a 	strb.w	r3, [r4, #106]	@ 0x6a
  return HAL_OK;
 8002508:	e00c      	b.n	8002524 <UART_CheckIdleState+0x5e>
    if(UART_WaitOnFlagUntilTimeout(huart, USART_ISR_TEACK, RESET, tickstart, HAL_UART_TIMEOUT_VALUE) != HAL_OK)
 800250a:	f06f 437e 	mvn.w	r3, #4261412864	@ 0xfe000000
 800250e:	9300      	str	r3, [sp, #0]
 8002510:	460a      	mov	r2, r1
 8002512:	4603      	mov	r3, r0
 8002514:	f44f 1100 	mov.w	r1, #2097152	@ 0x200000
 8002518:	4620      	mov	r0, r4
 800251a:	f7ff ffa3 	bl	8002464 <UART_WaitOnFlagUntilTimeout>
 800251e:	2800      	cmp	r0, #0
 8002520:	d0dc      	beq.n	80024dc <UART_CheckIdleState+0x16>
      return HAL_TIMEOUT;
 8002522:	2003      	movs	r0, #3
}
 8002524:	b002      	add	sp, #8
 8002526:	bd70      	pop	{r4, r5, r6, pc}

08002528 <HAL_UART_Init>:
{
 8002528:	b538      	push	{r3, r4, r5, lr}
  if(huart == NULL)
 800252a:	4604      	mov	r4, r0
 800252c:	b320      	cbz	r0, 8002578 <HAL_UART_Init+0x50>
  if(huart->gState == HAL_UART_STATE_RESET)
 800252e:	f890 3069 	ldrb.w	r3, [r0, #105]	@ 0x69
 8002532:	f003 02ff 	and.w	r2, r3, #255	@ 0xff
 8002536:	b90b      	cbnz	r3, 800253c <HAL_UART_Init+0x14>
    huart->Lock = HAL_UNLOCKED;
 8002538:	f880 2068 	strb.w	r2, [r0, #104]	@ 0x68
  __HAL_UART_DISABLE(huart);
 800253c:	6825      	ldr	r5, [r4, #0]
  huart->gState = HAL_UART_STATE_BUSY;
 800253e:	2324      	movs	r3, #36	@ 0x24
 8002540:	f884 3069 	strb.w	r3, [r4, #105]	@ 0x69
  __HAL_UART_DISABLE(huart);
 8002544:	682b      	ldr	r3, [r5, #0]
 8002546:	f023 0301 	bic.w	r3, r3, #1
 800254a:	602b      	str	r3, [r5, #0]
  if (UART_SetConfig(huart) == HAL_ERROR)
 800254c:	4620      	mov	r0, r4
 800254e:	f7ff fedb 	bl	8002308 <UART_SetConfig>
 8002552:	2801      	cmp	r0, #1
 8002554:	d010      	beq.n	8002578 <HAL_UART_Init+0x50>
  CLEAR_BIT(huart->Instance->CR2, (USART_CR2_LINEN | USART_CR2_CLKEN));
 8002556:	686b      	ldr	r3, [r5, #4]
 8002558:	f423 4390 	bic.w	r3, r3, #18432	@ 0x4800
 800255c:	606b      	str	r3, [r5, #4]
  CLEAR_BIT(huart->Instance->CR3, (USART_CR3_SCEN | USART_CR3_HDSEL | USART_CR3_IREN));
 800255e:	68ab      	ldr	r3, [r5, #8]
 8002560:	f023 032a 	bic.w	r3, r3, #42	@ 0x2a
 8002564:	60ab      	str	r3, [r5, #8]
  __HAL_UART_ENABLE(huart);
 8002566:	682b      	ldr	r3, [r5, #0]
 8002568:	f043 0301 	orr.w	r3, r3, #1
 800256c:	602b      	str	r3, [r5, #0]
  return UART_CheckIdleState(huart);
 800256e:	4620      	mov	r0, r4
}
 8002570:	e8bd 4038 	ldmia.w	sp!, {r3, r4, r5, lr}
  return UART_CheckIdleState(huart);
 8002574:	f7ff bfa7 	b.w	80024c6 <UART_CheckIdleState>
}
 8002578:	2001      	movs	r0, #1
 800257a:	bd38      	pop	{r3, r4, r5, pc}

0800257c <HAL_UART_Transmit>:
  * @param Size: Amount of data to be sent.
  * @param Timeout: Timeout duration.
  * @retval HAL status
  */
HAL_StatusTypeDef HAL_UART_Transmit(UART_HandleTypeDef *huart, uint8_t *pData, uint16_t Size, uint32_t Timeout)
{
 800257c:	b5f7      	push	{r0, r1, r2, r4, r5, r6, r7, lr}
 800257e:	461e      	mov	r6, r3
  uint16_t* tmp;
  uint32_t tickstart = 0U;

  /* Check that a Tx process is not already ongoing */
  if(huart->gState == HAL_UART_STATE_READY)
 8002580:	f890 3069 	ldrb.w	r3, [r0, #105]	@ 0x69
 8002584:	2b20      	cmp	r3, #32
{
 8002586:	460d      	mov	r5, r1
 8002588:	4604      	mov	r4, r0
 800258a:	4611      	mov	r1, r2
  if(huart->gState == HAL_UART_STATE_READY)
 800258c:	d14a      	bne.n	8002624 <HAL_UART_Transmit+0xa8>
  {
    if((pData == NULL ) || (Size == 0U))
 800258e:	2d00      	cmp	r5, #0
 8002590:	d046      	beq.n	8002620 <HAL_UART_Transmit+0xa4>
 8002592:	2a00      	cmp	r2, #0
 8002594:	d044      	beq.n	8002620 <HAL_UART_Transmit+0xa4>
    {
      return  HAL_ERROR;
    }

    /* Process Locked */
    __HAL_LOCK(huart);
 8002596:	f890 3068 	ldrb.w	r3, [r0, #104]	@ 0x68
 800259a:	2b01      	cmp	r3, #1
 800259c:	d042      	beq.n	8002624 <HAL_UART_Transmit+0xa8>
 800259e:	2301      	movs	r3, #1
 80025a0:	f880 3068 	strb.w	r3, [r0, #104]	@ 0x68

    huart->ErrorCode = HAL_UART_ERROR_NONE;
 80025a4:	2300      	movs	r3, #0
 80025a6:	66c3      	str	r3, [r0, #108]	@ 0x6c
    huart->gState = HAL_UART_STATE_BUSY_TX;
 80025a8:	2321      	movs	r3, #33	@ 0x21
 80025aa:	f880 3069 	strb.w	r3, [r0, #105]	@ 0x69

    /* Init tickstart for timeout managment*/
    tickstart = HAL_GetTick();
 80025ae:	f7ff faf9 	bl	8001ba4 <HAL_GetTick>

    huart->TxXferSize = Size;
 80025b2:	f8a4 1050 	strh.w	r1, [r4, #80]	@ 0x50
    tickstart = HAL_GetTick();
 80025b6:	4607      	mov	r7, r0
    huart->TxXferCount = Size;
 80025b8:	f8a4 1052 	strh.w	r1, [r4, #82]	@ 0x52
    while(huart->TxXferCount > 0U)
 80025bc:	f8b4 2052 	ldrh.w	r2, [r4, #82]	@ 0x52
 80025c0:	b292      	uxth	r2, r2
 80025c2:	b962      	cbnz	r2, 80025de <HAL_UART_Transmit+0x62>
      else
      {
        huart->Instance->TDR = (*pData++ & (uint8_t)0xFFU);
      }
    }
    if(UART_WaitOnFlagUntilTimeout(huart, UART_FLAG_TC, RESET, tickstart, Timeout) != HAL_OK)
 80025c4:	9600      	str	r6, [sp, #0]
 80025c6:	463b      	mov	r3, r7
 80025c8:	2140      	movs	r1, #64	@ 0x40
 80025ca:	4620      	mov	r0, r4
 80025cc:	f7ff ff4a 	bl	8002464 <UART_WaitOnFlagUntilTimeout>
 80025d0:	b998      	cbnz	r0, 80025fa <HAL_UART_Transmit+0x7e>
    {
      return HAL_TIMEOUT;
    }

    /* At end of Tx process, restore huart->gState to Ready */
    huart->gState = HAL_UART_STATE_READY;
 80025d2:	2320      	movs	r3, #32
 80025d4:	f884 3069 	strb.w	r3, [r4, #105]	@ 0x69

    /* Process Unlocked */
    __HAL_UNLOCK(huart);
 80025d8:	f884 0068 	strb.w	r0, [r4, #104]	@ 0x68

    return HAL_OK;
 80025dc:	e00e      	b.n	80025fc <HAL_UART_Transmit+0x80>
      huart->TxXferCount--;
 80025de:	f8b4 2052 	ldrh.w	r2, [r4, #82]	@ 0x52
 80025e2:	3a01      	subs	r2, #1
 80025e4:	b292      	uxth	r2, r2
 80025e6:	f8a4 2052 	strh.w	r2, [r4, #82]	@ 0x52
      if(UART_WaitOnFlagUntilTimeout(huart, UART_FLAG_TXE, RESET, tickstart, Timeout) != HAL_OK)
 80025ea:	463b      	mov	r3, r7
 80025ec:	9600      	str	r6, [sp, #0]
 80025ee:	2200      	movs	r2, #0
 80025f0:	2180      	movs	r1, #128	@ 0x80
 80025f2:	4620      	mov	r0, r4
 80025f4:	f7ff ff36 	bl	8002464 <UART_WaitOnFlagUntilTimeout>
 80025f8:	b110      	cbz	r0, 8002600 <HAL_UART_Transmit+0x84>
        return HAL_TIMEOUT;
 80025fa:	2003      	movs	r0, #3
  }
  else
  {
    return HAL_BUSY;
  }
}
 80025fc:	b003      	add	sp, #12
 80025fe:	bdf0      	pop	{r4, r5, r6, r7, pc}
      if ((huart->Init.WordLength == UART_WORDLENGTH_9B) && (huart->Init.Parity == UART_PARITY_NONE))
 8002600:	68a3      	ldr	r3, [r4, #8]
        huart->Instance->TDR = (*tmp & (uint16_t)0x01FFU);
 8002602:	6822      	ldr	r2, [r4, #0]
      if ((huart->Init.WordLength == UART_WORDLENGTH_9B) && (huart->Init.Parity == UART_PARITY_NONE))
 8002604:	f5b3 5f80 	cmp.w	r3, #4096	@ 0x1000
 8002608:	d107      	bne.n	800261a <HAL_UART_Transmit+0x9e>
 800260a:	6923      	ldr	r3, [r4, #16]
 800260c:	b92b      	cbnz	r3, 800261a <HAL_UART_Transmit+0x9e>
        huart->Instance->TDR = (*tmp & (uint16_t)0x01FFU);
 800260e:	f835 3b02 	ldrh.w	r3, [r5], #2
 8002612:	f3c3 0308 	ubfx	r3, r3, #0, #9
        huart->Instance->TDR = (*pData++ & (uint8_t)0xFFU);
 8002616:	8513      	strh	r3, [r2, #40]	@ 0x28
 8002618:	e7d0      	b.n	80025bc <HAL_UART_Transmit+0x40>
 800261a:	f815 3b01 	ldrb.w	r3, [r5], #1
 800261e:	e7fa      	b.n	8002616 <HAL_UART_Transmit+0x9a>
      return  HAL_ERROR;
 8002620:	2001      	movs	r0, #1
 8002622:	e7eb      	b.n	80025fc <HAL_UART_Transmit+0x80>
    __HAL_LOCK(huart);
 8002624:	2002      	movs	r0, #2
 8002626:	e7e9      	b.n	80025fc <HAL_UART_Transmit+0x80>

08002628 <HAL_UART_Receive>:
  * @param Size: amount of data to be received.
  * @param Timeout: Timeout duration.
  * @retval HAL status
  */
HAL_StatusTypeDef HAL_UART_Receive(UART_HandleTypeDef *huart, uint8_t *pData, uint16_t Size, uint32_t Timeout)
{
 8002628:	e92d 41f3 	stmdb	sp!, {r0, r1, r4, r5, r6, r7, r8, lr}
 800262c:	461e      	mov	r6, r3
  uint16_t* tmp;
  uint16_t uhMask;
  uint32_t tickstart = 0U;

  /* Check that a Rx process is not already ongoing */
  if(huart->RxState == HAL_UART_STATE_READY)
 800262e:	f890 306a 	ldrb.w	r3, [r0, #106]	@ 0x6a
 8002632:	2b20      	cmp	r3, #32
{
 8002634:	460d      	mov	r5, r1
 8002636:	4604      	mov	r4, r0
 8002638:	4611      	mov	r1, r2
  if(huart->RxState == HAL_UART_STATE_READY)
 800263a:	d15c      	bne.n	80026f6 <HAL_UART_Receive+0xce>
  {
    if((pData == NULL ) || (Size == 0U))
 800263c:	2d00      	cmp	r5, #0
 800263e:	d058      	beq.n	80026f2 <HAL_UART_Receive+0xca>
 8002640:	2a00      	cmp	r2, #0
 8002642:	d056      	beq.n	80026f2 <HAL_UART_Receive+0xca>
    {
      return  HAL_ERROR;
    }

    /* Process Locked */
    __HAL_LOCK(huart);
 8002644:	f890 3068 	ldrb.w	r3, [r0, #104]	@ 0x68
 8002648:	2b01      	cmp	r3, #1
 800264a:	d054      	beq.n	80026f6 <HAL_UART_Receive+0xce>
 800264c:	2301      	movs	r3, #1
 800264e:	f880 3068 	strb.w	r3, [r0, #104]	@ 0x68

    huart->Instance->ICR = 0xFFFFFFFF;
 8002652:	6803      	ldr	r3, [r0, #0]
 8002654:	f04f 32ff 	mov.w	r2, #4294967295	@ 0xffffffff
 8002658:	621a      	str	r2, [r3, #32]
    huart->ErrorCode = HAL_UART_ERROR_NONE;
 800265a:	2300      	movs	r3, #0
 800265c:	66c3      	str	r3, [r0, #108]	@ 0x6c
    huart->RxState = HAL_UART_STATE_BUSY_RX;
 800265e:	2322      	movs	r3, #34	@ 0x22
 8002660:	f880 306a 	strb.w	r3, [r0, #106]	@ 0x6a

    /* Init tickstart for timeout managment*/
    tickstart = HAL_GetTick();
 8002664:	f7ff fa9e 	bl	8001ba4 <HAL_GetTick>

    huart->RxXferSize = Size;
    huart->RxXferCount = Size;

    /* Computation of UART mask to apply to RDR register */
    UART_MASK_COMPUTATION(huart);
 8002668:	68a3      	ldr	r3, [r4, #8]
    huart->RxXferSize = Size;
 800266a:	f8a4 1058 	strh.w	r1, [r4, #88]	@ 0x58
    UART_MASK_COMPUTATION(huart);
 800266e:	f5b3 5f80 	cmp.w	r3, #4096	@ 0x1000
    tickstart = HAL_GetTick();
 8002672:	4680      	mov	r8, r0
    huart->RxXferCount = Size;
 8002674:	f8a4 105a 	strh.w	r1, [r4, #90]	@ 0x5a
    UART_MASK_COMPUTATION(huart);
 8002678:	d115      	bne.n	80026a6 <HAL_UART_Receive+0x7e>
 800267a:	6923      	ldr	r3, [r4, #16]
 800267c:	b98b      	cbnz	r3, 80026a2 <HAL_UART_Receive+0x7a>
 800267e:	f240 13ff 	movw	r3, #511	@ 0x1ff
 8002682:	f8a4 305c 	strh.w	r3, [r4, #92]	@ 0x5c
    uhMask = huart->Mask;
 8002686:	f8b4 705c 	ldrh.w	r7, [r4, #92]	@ 0x5c

    /* as long as data have to be received */
    while(huart->RxXferCount > 0U)
 800268a:	f8b4 005a 	ldrh.w	r0, [r4, #90]	@ 0x5a
 800268e:	b280      	uxth	r0, r0
 8002690:	b980      	cbnz	r0, 80026b4 <HAL_UART_Receive+0x8c>
        *pData++ = (uint8_t)(huart->Instance->RDR & (uint8_t)uhMask);
      }
    }

    /* At end of Rx process, restore huart->RxState to Ready */
    huart->RxState = HAL_UART_STATE_READY;
 8002692:	2320      	movs	r3, #32
 8002694:	f884 306a 	strb.w	r3, [r4, #106]	@ 0x6a

    /* Process Unlocked */
    __HAL_UNLOCK(huart);
 8002698:	f884 0068 	strb.w	r0, [r4, #104]	@ 0x68
  }
  else
  {
    return HAL_BUSY;
  }
}
 800269c:	b002      	add	sp, #8
 800269e:	e8bd 81f0 	ldmia.w	sp!, {r4, r5, r6, r7, r8, pc}
    UART_MASK_COMPUTATION(huart);
 80026a2:	23ff      	movs	r3, #255	@ 0xff
 80026a4:	e7ed      	b.n	8002682 <HAL_UART_Receive+0x5a>
 80026a6:	2b00      	cmp	r3, #0
 80026a8:	d1ed      	bne.n	8002686 <HAL_UART_Receive+0x5e>
 80026aa:	6923      	ldr	r3, [r4, #16]
 80026ac:	2b00      	cmp	r3, #0
 80026ae:	d0f8      	beq.n	80026a2 <HAL_UART_Receive+0x7a>
 80026b0:	237f      	movs	r3, #127	@ 0x7f
 80026b2:	e7e6      	b.n	8002682 <HAL_UART_Receive+0x5a>
      huart->RxXferCount--;
 80026b4:	f8b4 205a 	ldrh.w	r2, [r4, #90]	@ 0x5a
 80026b8:	3a01      	subs	r2, #1
 80026ba:	b292      	uxth	r2, r2
 80026bc:	f8a4 205a 	strh.w	r2, [r4, #90]	@ 0x5a
      if(UART_WaitOnFlagUntilTimeout(huart, UART_FLAG_RXNE, RESET, tickstart, Timeout) != HAL_OK)
 80026c0:	4643      	mov	r3, r8
 80026c2:	9600      	str	r6, [sp, #0]
 80026c4:	2200      	movs	r2, #0
 80026c6:	2120      	movs	r1, #32
 80026c8:	4620      	mov	r0, r4
 80026ca:	f7ff fecb 	bl	8002464 <UART_WaitOnFlagUntilTimeout>
 80026ce:	b9a0      	cbnz	r0, 80026fa <HAL_UART_Receive+0xd2>
      if ((huart->Init.WordLength == UART_WORDLENGTH_9B) && (huart->Init.Parity == UART_PARITY_NONE))
 80026d0:	68a2      	ldr	r2, [r4, #8]
        *tmp = (uint16_t)(huart->Instance->RDR & uhMask);
 80026d2:	6823      	ldr	r3, [r4, #0]
      if ((huart->Init.WordLength == UART_WORDLENGTH_9B) && (huart->Init.Parity == UART_PARITY_NONE))
 80026d4:	f5b2 5f80 	cmp.w	r2, #4096	@ 0x1000
 80026d8:	d106      	bne.n	80026e8 <HAL_UART_Receive+0xc0>
 80026da:	6922      	ldr	r2, [r4, #16]
 80026dc:	b922      	cbnz	r2, 80026e8 <HAL_UART_Receive+0xc0>
        *tmp = (uint16_t)(huart->Instance->RDR & uhMask);
 80026de:	8c9b      	ldrh	r3, [r3, #36]	@ 0x24
 80026e0:	403b      	ands	r3, r7
 80026e2:	f825 3b02 	strh.w	r3, [r5], #2
        pData +=2U;
 80026e6:	e7d0      	b.n	800268a <HAL_UART_Receive+0x62>
        *pData++ = (uint8_t)(huart->Instance->RDR & (uint8_t)uhMask);
 80026e8:	8c9b      	ldrh	r3, [r3, #36]	@ 0x24
 80026ea:	403b      	ands	r3, r7
 80026ec:	f805 3b01 	strb.w	r3, [r5], #1
 80026f0:	e7cb      	b.n	800268a <HAL_UART_Receive+0x62>
      return  HAL_ERROR;
 80026f2:	2001      	movs	r0, #1
 80026f4:	e7d2      	b.n	800269c <HAL_UART_Receive+0x74>
    __HAL_LOCK(huart);
 80026f6:	2002      	movs	r0, #2
 80026f8:	e7d0      	b.n	800269c <HAL_UART_Receive+0x74>
        return HAL_TIMEOUT;
 80026fa:	2003      	movs	r0, #3
 80026fc:	e7ce      	b.n	800269c <HAL_UART_Receive+0x74>
 80026fe:	0000      	movs	r0, r0

08002700 <Reset_Handler>:
 8002700:	2100      	movs	r1, #0
 8002702:	e003      	b.n	800270c <LoopCopyDataInit>

08002704 <CopyDataInit>:
 8002704:	4b0b      	ldr	r3, [pc, #44]	@ (8002734 <LoopForever+0x2>)
 8002706:	585b      	ldr	r3, [r3, r1]
 8002708:	5043      	str	r3, [r0, r1]
 800270a:	3104      	adds	r1, #4

0800270c <LoopCopyDataInit>:
 800270c:	480a      	ldr	r0, [pc, #40]	@ (8002738 <LoopForever+0x6>)
 800270e:	4b0b      	ldr	r3, [pc, #44]	@ (800273c <LoopForever+0xa>)
 8002710:	1842      	adds	r2, r0, r1
 8002712:	429a      	cmp	r2, r3
 8002714:	d3f6      	bcc.n	8002704 <CopyDataInit>
 8002716:	4a0a      	ldr	r2, [pc, #40]	@ (8002740 <LoopForever+0xe>)
 8002718:	e002      	b.n	8002720 <LoopFillZerobss>

0800271a <FillZerobss>:
 800271a:	2300      	movs	r3, #0
 800271c:	6013      	str	r3, [r2, #0]
 800271e:	3204      	adds	r2, #4

08002720 <LoopFillZerobss>:
 8002720:	4b08      	ldr	r3, [pc, #32]	@ (8002744 <LoopForever+0x12>)
 8002722:	429a      	cmp	r2, r3
 8002724:	d3f9      	bcc.n	800271a <FillZerobss>
 8002726:	f3af 8000 	nop.w
 800272a:	f7fd fd71 	bl	8000210 <__libc_init_array>
 800272e:	f7fd ff37 	bl	80005a0 <main>

08002732 <LoopForever>:
 8002732:	e7fe      	b.n	8002732 <LoopForever>
 8002734:	08002838 	.word	0x08002838
 8002738:	20000000 	.word	0x20000000
 800273c:	20000290 	.word	0x20000290
 8002740:	20000290 	.word	0x20000290
 8002744:	200005ac 	.word	0x200005ac

08002748 <BusFault_Handler>:
 8002748:	e7fe      	b.n	8002748 <BusFault_Handler>
 800274a:	0000      	movs	r0, r0

0800274c <_init>:
 800274c:	b5f8      	push	{r3, r4, r5, r6, r7, lr}
 800274e:	bf00      	nop
 8002750:	bcf8      	pop	{r3, r4, r5, r6, r7}
 8002752:	bc08      	pop	{r3}
 8002754:	469e      	mov	lr, r3
 8002756:	4770      	bx	lr

08002758 <_fini>:
 8002758:	b5f8      	push	{r3, r4, r5, r6, r7, lr}
 800275a:	bf00      	nop
 800275c:	bcf8      	pop	{r3, r4, r5, r6, r7}
 800275e:	bc08      	pop	{r3}
 8002760:	469e      	mov	lr, r3
 8002762:	4770      	bx	lr
